Reference	ID	Tags	OrigWords	Occurrence	TWLink
1:1	bxqa	name	Παῦλος	1	rc://*/tw/dict/bible/names/paul
1:1	c3fm	keyterm	ἀπόστολος	1	rc://*/tw/dict/bible/kt/apostle
1:1	ydam	keyterm	Χριστοῦ	1	rc://*/tw/dict/bible/kt/christ
1:1	hukt	keyterm; name	Χριστοῦ Ἰησοῦ	1	rc://*/tw/dict/bible/kt/jesus
1:1	rcpd	keyterm	Θεοῦ	1	rc://*/tw/dict/bible/kt/god
1:1	xs9s	keyterm	θελήματος Θεοῦ	1	rc://*/tw/dict/bible/kt/willofgod
1:1	mvra	name	Τιμόθεος	1	rc://*/tw/dict/bible/names/timothy
1:1	ufuj	keyterm	ἀδελφὸς	1	rc://*/tw/dict/bible/kt/brother
1:1	uyaa	keyterm	ἐκκλησίᾳ	1	rc://*/tw/dict/bible/kt/church
1:1	vrjj	keyterm	Θεοῦ	2	rc://*/tw/dict/bible/kt/god
1:1	c3j3	name	Κορίνθῳ	1	rc://*/tw/dict/bible/names/corinth
1:1	tffr	keyterm	ἁγίοις	1	rc://*/tw/dict/bible/kt/saint
1:2	bjf7	keyterm	χάρις	1	rc://*/tw/dict/bible/kt/grace
1:2	e6eg		εἰρήνη	1	rc://*/tw/dict/bible/other/peace
1:2	w32d	keyterm	Θεοῦ Πατρὸς	1	rc://*/tw/dict/bible/kt/godthefather
1:2	ay6g	keyterm	Κυρίου	1	rc://*/tw/dict/bible/kt/lord
1:2	vdg4	keyterm	Χριστοῦ	1	rc://*/tw/dict/bible/kt/christ
1:2	teyj	keyterm; name	Κυρίου Ἰησοῦ Χριστοῦ	1	rc://*/tw/dict/bible/kt/jesus
1:3	p7d4	keyterm	εὐλογητὸς	1	rc://*/tw/dict/bible/kt/bless
1:3	pwkk	keyterm	Θεὸς καὶ Πατὴρ	1	rc://*/tw/dict/bible/kt/godthefather
1:3	y8ps	keyterm	Κυρίου	1	rc://*/tw/dict/bible/kt/lord
1:3	uquf	keyterm; name	Ἰησοῦ	1	rc://*/tw/dict/bible/kt/jesus
1:3	t9hg	keyterm	Χριστοῦ	1	rc://*/tw/dict/bible/kt/christ
1:3	ge5y	keyterm	Πατὴρ	2	rc://*/tw/dict/bible/kt/godthefather
1:3	qwee	keyterm	οἰκτιρμῶν	1	rc://*/tw/dict/bible/kt/compassion
1:3	q9sk	keyterm	Θεὸς	2	rc://*/tw/dict/bible/kt/god
1:3	cvqc		παρακλήσεως	1	rc://*/tw/dict/bible/other/comfort
1:4	jmwm		παρακαλῶν	1	rc://*/tw/dict/bible/other/comfort
1:4	a5tf		θλίψει	1	rc://*/tw/dict/bible/other/tribulation
1:4	tk3k		παρακαλεῖν	1	rc://*/tw/dict/bible/other/comfort
1:4	b3t9		θλίψει	2	rc://*/tw/dict/bible/other/tribulation
1:4	txhw		παρακλήσεως	1	rc://*/tw/dict/bible/other/comfort
1:4	znpn		παρακαλούμεθα	1	rc://*/tw/dict/bible/other/comfort
1:4	x8bu	keyterm	Θεοῦ	1	rc://*/tw/dict/bible/kt/god
1:5	sb5n		καθὼς	1	rc://*/tw/dict/bible/other/like
1:5	ppea		περισσεύει	1	rc://*/tw/dict/bible/other/multiply
1:5	bztq		παθήματα	1	rc://*/tw/dict/bible/other/suffer
1:5	bjva	keyterm	Χριστοῦ	1	rc://*/tw/dict/bible/kt/christ
1:5	xp4t	keyterm	Χριστοῦ	2	rc://*/tw/dict/bible/kt/christ
1:5	knvf		περισσεύει	2	rc://*/tw/dict/bible/other/multiply
1:5	pwwb		παράκλησις	1	rc://*/tw/dict/bible/other/comfort
1:6	rhjs		θλιβόμεθα	1	rc://*/tw/dict/bible/other/trouble
1:6	ttnm		παρακλήσεως	1	rc://*/tw/dict/bible/other/comfort
1:6	eshg	keyterm	σωτηρίας	1	rc://*/tw/dict/bible/kt/save
1:6	a3tb		παρακαλούμεθα	1	rc://*/tw/dict/bible/other/courage
1:6	gxd6		παρακλήσεως	2	rc://*/tw/dict/bible/other/comfort
1:6	hcwj		ὑπομονῇ	1	rc://*/tw/dict/bible/other/endure
1:6	vj6p		παθημάτων	1	rc://*/tw/dict/bible/other/suffer
1:6	uepr		πάσχομεν	1	rc://*/tw/dict/bible/other/suffer
1:7	ngc8	keyterm	ἐλπὶς	1	rc://*/tw/dict/bible/kt/hope
1:7	shju		εἰδότες	1	rc://*/tw/dict/bible/other/know
1:7	g4ac		ὡς	1	rc://*/tw/dict/bible/other/like
1:7	guay		παθημάτων	1	rc://*/tw/dict/bible/other/suffer
1:7	e7hr		παρακλήσεως	1	rc://*/tw/dict/bible/other/comfort
1:8	yte8		ἀγνοεῖν	1	rc://*/tw/dict/bible/other/know
1:8	fzfn	keyterm	ἀδελφοί	1	rc://*/tw/dict/bible/kt/brother
1:8	fczy		θλίψεως	1	rc://*/tw/dict/bible/other/tribulation
1:8	z9vn	name	Ἀσίᾳ	1	rc://*/tw/dict/bible/names/asia
1:8	wkz8	keyterm	δύναμιν	1	rc://*/tw/dict/bible/kt/power
1:8	wpd8		ἐβαρήθημεν	1	rc://*/tw/dict/bible/other/burden
1:8	bj32	keyterm	ζῆν	1	rc://*/tw/dict/bible/kt/life
1:9	vera		θανάτου	1	rc://*/tw/dict/bible/other/death
1:9	xegk	keyterm	πεποιθότες	1	rc://*/tw/dict/bible/kt/trust
1:9	eksm	keyterm	Θεῷ	1	rc://*/tw/dict/bible/kt/god
1:9	btg6		ἐγείροντι	1	rc://*/tw/dict/bible/other/raise
1:9	cdwe		νεκρούς	1	rc://*/tw/dict/bible/other/death
1:10	jdy2		θανάτου	1	rc://*/tw/dict/bible/other/death
1:10	mp9d		ἐρρύσατο	1	rc://*/tw/dict/bible/other/deliverer
1:10	ecsj		ῥύσεται	1	rc://*/tw/dict/bible/other/deliverer
1:10	sx5v	keyterm	ἠλπίκαμεν	1	rc://*/tw/dict/bible/kt/hope
1:10	why6		ῥύσεται	2	rc://*/tw/dict/bible/other/deliverer
1:11	jv3h	keyterm	δεήσει	1	rc://*/tw/dict/bible/kt/pray
1:11	wv8h	keyterm	χάρισμα	1	rc://*/tw/dict/bible/kt/gift
1:12	wrv2	keyterm	καύχησις	1	rc://*/tw/dict/bible/kt/boast
1:12	myc3	keyterm	μαρτύριον	1	rc://*/tw/dict/bible/kt/testimony
1:12	pbk6	keyterm	συνειδήσεως	1	rc://*/tw/dict/bible/kt/conscience
1:12	wwyz	keyterm	ἁγιότητι	1	rc://*/tw/dict/bible/kt/holy
1:12	etdx	keyterm	Θεοῦ	1	rc://*/tw/dict/bible/kt/god
1:12	y333	keyterm	σοφίᾳ	1	rc://*/tw/dict/bible/kt/wise
1:12	nvcc	keyterm	σαρκικῇ	1	rc://*/tw/dict/bible/kt/flesh
1:12	meey	keyterm	χάριτι	1	rc://*/tw/dict/bible/kt/grace
1:12	jgv5	keyterm	Θεοῦ	2	rc://*/tw/dict/bible/kt/god
1:12	tpha	keyterm	κόσμῳ	1	rc://*/tw/dict/bible/kt/world
1:13	zkv8		ἐπιγινώσκετε	1	rc://*/tw/dict/bible/other/understand
1:13	prfv	keyterm	ἐλπίζω	1	rc://*/tw/dict/bible/kt/hope
1:13	yw4m		ἐπιγνώσεσθε	1	rc://*/tw/dict/bible/other/understand
1:14	a9y5		καθὼς	1	rc://*/tw/dict/bible/other/like
1:14	hqsp		ἐπέγνωτε	1	rc://*/tw/dict/bible/other/understand
1:14	fn5y	keyterm	καύχημα	1	rc://*/tw/dict/bible/kt/boast
1:14	f4rh		ἡμέρᾳ	1	rc://*/tw/dict/bible/other/biblicaltimeday
1:14	pykr	keyterm	Κυρίου	1	rc://*/tw/dict/bible/kt/lord
1:14	xkvn	keyterm	ἡμέρᾳ τοῦ Κυρίου	1	rc://*/tw/dict/bible/kt/dayofthelord
1:14	ew65	keyterm; name	Ἰησοῦ	1	rc://*/tw/dict/bible/kt/jesus
1:15	a56x		πεποιθήσει	1	rc://*/tw/dict/bible/other/confidence
1:15	egze	keyterm	χάριν	1	rc://*/tw/dict/bible/kt/grace
1:16	samc	name	Μακεδονίαν	1	rc://*/tw/dict/bible/names/macedonia
1:16	y39g	name	Μακεδονίας	1	rc://*/tw/dict/bible/names/macedonia
1:16	zqe6		προπεμφθῆναι	1	rc://*/tw/dict/bible/other/send
1:16	df66	name	Ἰουδαίαν	1	rc://*/tw/dict/bible/names/judea
1:17	gd5s	keyterm	σάρκα	1	rc://*/tw/dict/bible/kt/flesh
1:18	nhzb	keyterm	πιστὸς	1	rc://*/tw/dict/bible/kt/faithful
1:18	qymt	keyterm	Θεὸς	1	rc://*/tw/dict/bible/kt/god
1:19	evvr	keyterm	Θεοῦ	1	rc://*/tw/dict/bible/kt/god
1:19	u7sw	keyterm	Υἱὸς	1	rc://*/tw/dict/bible/kt/sonofgod
1:19	re2v	keyterm; name	Ἰησοῦς	1	rc://*/tw/dict/bible/kt/jesus
1:19	wcgr	keyterm	Χριστός	1	rc://*/tw/dict/bible/kt/christ
1:19	jwxd		κηρυχθείς	1	rc://*/tw/dict/bible/other/preach
1:19	jdav	name	Τιμοθέου	1	rc://*/tw/dict/bible/names/timothy
1:20	jusq	keyterm	ἐπαγγελίαι	1	rc://*/tw/dict/bible/kt/promise
1:20	v7ye	keyterm	Θεοῦ	1	rc://*/tw/dict/bible/kt/god
1:20	d8zc	keyterm	Ἀμὴν	1	rc://*/tw/dict/bible/kt/amen
1:20	hc2p	keyterm	Θεῷ	1	rc://*/tw/dict/bible/kt/god
1:20	p4fh	keyterm	δόξαν	1	rc://*/tw/dict/bible/kt/glory
1:21	h58m		βεβαιῶν	1	rc://*/tw/dict/bible/other/confirm
1:21	v6bj	keyterm	Χριστὸν	1	rc://*/tw/dict/bible/kt/christ
1:21	b8cf	keyterm	εἰς Χριστὸν	1	rc://*/tw/dict/bible/kt/inchrist
1:21	z6w9	keyterm	χρίσας	1	rc://*/tw/dict/bible/kt/anoint
1:21	jm6h	keyterm	Θεός	1	rc://*/tw/dict/bible/kt/god
1:22	gxyq		σφραγισάμενος	1	rc://*/tw/dict/bible/other/seal
1:22	fkm7		ἀρραβῶνα	1	rc://*/tw/dict/bible/other/pledge
1:22	ajc9	keyterm	Πνεύματος	1	rc://*/tw/dict/bible/kt/holyspirit
1:22	a45b	keyterm	καρδίαις	1	rc://*/tw/dict/bible/kt/heart
1:23	pbqg	keyterm	μάρτυρα	1	rc://*/tw/dict/bible/kt/testimony
1:23	rsx5	keyterm	Θεὸν	1	rc://*/tw/dict/bible/kt/god
1:23	k88z	keyterm	ἐπικαλοῦμαι	1	rc://*/tw/dict/bible/kt/call
1:23	whzp	keyterm	ψυχήν	1	rc://*/tw/dict/bible/kt/soul
1:23	xdhh	name	Κόρινθον	1	rc://*/tw/dict/bible/names/corinth
1:24	yr5w		κυριεύομεν	1	rc://*/tw/dict/bible/other/ruler
1:24	s9u4	keyterm	πίστεως	1	rc://*/tw/dict/bible/kt/faith
1:24	q7sp		συνεργοί	1	rc://*/tw/dict/bible/other/companion
1:24	wg3g		χαρᾶς	1	rc://*/tw/dict/bible/other/joy
1:24	bk22	keyterm	πίστει	1	rc://*/tw/dict/bible/kt/faith
2:1	uzuy	keyterm	ἔκρινα	1	rc://*/tw/dict/bible/kt/judge
2:3	xze5		χαίρειν	1	rc://*/tw/dict/bible/other/joy
2:3	wc4g		πεποιθὼς	1	rc://*/tw/dict/bible/other/confidence
2:3	mk9y		χαρὰ	1	rc://*/tw/dict/bible/other/joy
2:4	ksuf		θλίψεως	1	rc://*/tw/dict/bible/other/tribulation
2:4	cxap		συνοχῆς	1	rc://*/tw/dict/bible/other/anguish
2:4	wkjh	keyterm	καρδίας	1	rc://*/tw/dict/bible/kt/heart
2:4	pmbp	keyterm	ἀγάπην	1	rc://*/tw/dict/bible/kt/love
2:4	phx5		γνῶτε	1	rc://*/tw/dict/bible/other/know
2:5	ka39		ἐπιβαρῶ	1	rc://*/tw/dict/bible/other/burden
2:6	vzc5		ἐπιτιμία	1	rc://*/tw/dict/bible/other/punish
2:7	wwyx	keyterm	χαρίσασθαι	1	rc://*/tw/dict/bible/kt/forgive
2:7	kkxh		παρακαλέσαι	1	rc://*/tw/dict/bible/other/comfort
2:8	vs5g	keyterm	παρακαλῶ	1	rc://*/tw/dict/bible/kt/exhort
2:8	argw		κυρῶσαι	1	rc://*/tw/dict/bible/other/confirm
2:8	dcrh	keyterm	ἀγάπην	1	rc://*/tw/dict/bible/kt/love
2:9	egx7		γνῶ	1	rc://*/tw/dict/bible/other/know
2:9	zvqg		ὑπήκοοί	1	rc://*/tw/dict/bible/other/obey
2:10	r58d	keyterm	χαρίζεσθε	1	rc://*/tw/dict/bible/kt/forgive
2:10	s8ra	keyterm	κεχάρισμαι	1	rc://*/tw/dict/bible/kt/forgive
2:10	y763	keyterm	κεχάρισμαι	2	rc://*/tw/dict/bible/kt/forgive
2:10	a97v	keyterm	Χριστοῦ	1	rc://*/tw/dict/bible/kt/christ
2:11	rm6r	keyterm	Σατανᾶ	1	rc://*/tw/dict/bible/kt/satan
2:11	vxk9		ἀγνοοῦμεν	1	rc://*/tw/dict/bible/other/know
2:12	yvfk	name	Τρῳάδα	1	rc://*/tw/dict/bible/names/troas
2:12	khw6	keyterm	εὐαγγέλιον	1	rc://*/tw/dict/bible/kt/goodnews
2:12	dvpe	keyterm	Χριστοῦ	1	rc://*/tw/dict/bible/kt/christ
2:12	mqns	keyterm	Κυρίῳ	1	rc://*/tw/dict/bible/kt/lord
2:12	cbj7	keyterm	ἐν Κυρίῳ	1	rc://*/tw/dict/bible/kt/inchrist
2:13	ry6w		ἄνεσιν	1	rc://*/tw/dict/bible/other/rest
2:13	jbzs	keyterm	πνεύματί	1	rc://*/tw/dict/bible/kt/spirit
2:13	gfj2	name	Τίτον	1	rc://*/tw/dict/bible/names/titus
2:13	xdkr	keyterm	ἀδελφόν	1	rc://*/tw/dict/bible/kt/brother
2:13	xvej	name	Μακεδονίαν	1	rc://*/tw/dict/bible/names/macedonia
2:14	z4gp	keyterm	Θεῷ	1	rc://*/tw/dict/bible/kt/god
2:14	cgcu	keyterm	Χριστῷ	1	rc://*/tw/dict/bible/kt/christ
2:14	e64z	keyterm	ἐν τῷ Χριστῷ	1	rc://*/tw/dict/bible/kt/inchrist
2:14	w4ms		γνώσεως	1	rc://*/tw/dict/bible/other/know
2:15	ny8j	keyterm	Χριστοῦ	1	rc://*/tw/dict/bible/kt/christ
2:15	m3p4	keyterm	Θεῷ	1	rc://*/tw/dict/bible/kt/god
2:15	a6dm	keyterm	σῳζομένοις	1	rc://*/tw/dict/bible/kt/save
2:15	g42x	keyterm	ἀπολλυμένοις	1	rc://*/tw/dict/bible/kt/perish
2:16	fnse		θανάτου	1	rc://*/tw/dict/bible/other/death
2:16	v4jv		θάνατον	1	rc://*/tw/dict/bible/other/death
2:16	z7sz	keyterm	ζωῆς	1	rc://*/tw/dict/bible/kt/life
2:16	pnk2	keyterm	ζωήν	1	rc://*/tw/dict/bible/kt/life
2:16	uzru	keyterm	ἱκανός	1	rc://*/tw/dict/bible/kt/worthy
2:17	us7b		ὡς	1	rc://*/tw/dict/bible/other/like
2:17	rrgr	keyterm	λόγον τοῦ Θεοῦ	1	rc://*/tw/dict/bible/kt/wordofgod
2:17	utjj		ὡς	2	rc://*/tw/dict/bible/other/like
2:17	pcyq		ὡς	3	rc://*/tw/dict/bible/other/like
2:17	q7ay	keyterm	Θεοῦ	2	rc://*/tw/dict/bible/kt/god
2:17	nyum	keyterm	Θεοῦ	3	rc://*/tw/dict/bible/kt/god
2:17	ngbv	keyterm	Χριστῷ	1	rc://*/tw/dict/bible/kt/christ
2:17	ycgw	keyterm	ἐν Χριστῷ	1	rc://*/tw/dict/bible/kt/inchrist
3:1	w6u6		ὥς	1	rc://*/tw/dict/bible/other/like
3:1	xbc4		ἐπιστολῶν	1	rc://*/tw/dict/bible/other/letter
3:2	wtdv		ἐπιστολὴ	1	rc://*/tw/dict/bible/other/letter
3:2	ec3d	keyterm	καρδίαις	1	rc://*/tw/dict/bible/kt/heart
3:2	rscc		γινωσκομένη	1	rc://*/tw/dict/bible/other/know
3:3	ka2u	keyterm	φανερούμενοι	1	rc://*/tw/dict/bible/kt/reveal
3:3	uybx		ἐπιστολὴ	1	rc://*/tw/dict/bible/other/letter
3:3	x7y7	keyterm	Χριστοῦ	1	rc://*/tw/dict/bible/kt/christ
3:3	w8ye	keyterm	διακονηθεῖσα	1	rc://*/tw/dict/bible/kt/minister
3:3	qk79	keyterm	Πνεύματι Θεοῦ ζῶντος	1	rc://*/tw/dict/bible/kt/holyspirit
3:3	h6jt	keyterm	καρδίαις	1	rc://*/tw/dict/bible/kt/heart
3:4	nv4v		πεποίθησιν	1	rc://*/tw/dict/bible/other/confidence
3:4	mwyz	keyterm	Χριστοῦ	1	rc://*/tw/dict/bible/kt/christ
3:4	bq2h	keyterm	Θεόν	1	rc://*/tw/dict/bible/kt/god
3:5	qkn4		ὡς	1	rc://*/tw/dict/bible/other/like
3:5	vb3c	keyterm	Θεοῦ	1	rc://*/tw/dict/bible/kt/god
3:6	n6uz	keyterm	διακόνους	1	rc://*/tw/dict/bible/kt/minister
3:6	rawa	keyterm	διαθήκης	1	rc://*/tw/dict/bible/kt/covenant
3:6	aezg		γράμματος	1	rc://*/tw/dict/bible/other/letter
3:6	muag	keyterm	Πνεύματος	1	rc://*/tw/dict/bible/kt/holyspirit
3:6	ycpq		γράμμα	1	rc://*/tw/dict/bible/other/letter
3:6	wega	keyterm	Πνεῦμα	1	rc://*/tw/dict/bible/kt/holyspirit
3:6	mazk	keyterm	ζῳοποιεῖ	1	rc://*/tw/dict/bible/kt/life
3:7	u6ne	keyterm	διακονία	1	rc://*/tw/dict/bible/kt/minister
3:7	jjjw		θανάτου	1	rc://*/tw/dict/bible/other/death
3:7	vab7	keyterm	δόξῃ	1	rc://*/tw/dict/bible/kt/glory
3:7	w45b	keyterm	υἱοὺς	1	rc://*/tw/dict/bible/kt/son
3:7	mjhv	keyterm	Ἰσραὴλ	1	rc://*/tw/dict/bible/kt/israel
3:7	ecpf		πρόσωπον	1	rc://*/tw/dict/bible/other/face
3:7	f5dy	name	Μωϋσέως	1	rc://*/tw/dict/bible/names/moses
3:7	mxz3	keyterm	δόξαν	1	rc://*/tw/dict/bible/kt/glory
3:7	juv8		προσώπου	1	rc://*/tw/dict/bible/other/face
3:8	mr32	keyterm	διακονία	1	rc://*/tw/dict/bible/kt/minister
3:8	zmxj	keyterm	Πνεύματος	1	rc://*/tw/dict/bible/kt/holyspirit
3:8	e9eu	keyterm	δόξῃ	1	rc://*/tw/dict/bible/kt/glory
3:9	nn5e	keyterm	διακονίᾳ	1	rc://*/tw/dict/bible/kt/minister
3:9	gaqw	keyterm	κατακρίσεως	1	rc://*/tw/dict/bible/kt/condemn
3:9	qtcp	keyterm	δόξα	1	rc://*/tw/dict/bible/kt/glory
3:9	tb74		περισσεύει	1	rc://*/tw/dict/bible/other/multiply
3:9	x4q8	keyterm	διακονία	1	rc://*/tw/dict/bible/kt/minister
3:9	kzjp	keyterm	δικαιοσύνης	1	rc://*/tw/dict/bible/kt/righteous
3:9	t2qm	keyterm	δόξῃ	1	rc://*/tw/dict/bible/kt/glory
3:10	duey	keyterm	δεδόξασται	1	rc://*/tw/dict/bible/kt/glory
3:10	sm7k	keyterm	δεδοξασμένον	1	rc://*/tw/dict/bible/kt/glory
3:10	tucz	keyterm	δόξης	1	rc://*/tw/dict/bible/kt/glory
3:11	pt9n	keyterm	δόξης	1	rc://*/tw/dict/bible/kt/glory
3:11	nqw7	keyterm	δόξῃ	1	rc://*/tw/dict/bible/kt/glory
3:12	p6z3	keyterm	ἐλπίδα	1	rc://*/tw/dict/bible/kt/hope
3:12	ac9r		παρρησίᾳ	1	rc://*/tw/dict/bible/other/bold
3:13	gk9f		καθάπερ	1	rc://*/tw/dict/bible/other/like
3:13	ataw	name	Μωϋσῆς	1	rc://*/tw/dict/bible/names/moses
3:13	hhrf		κάλυμμα	1	rc://*/tw/dict/bible/other/veil
3:13	e3kj		πρόσωπον	1	rc://*/tw/dict/bible/other/face
3:13	vaq8	keyterm	υἱοὺς	1	rc://*/tw/dict/bible/kt/son
3:13	cs43	keyterm	Ἰσραὴλ	1	rc://*/tw/dict/bible/kt/israel
3:14	b372		ἐπωρώθη	1	rc://*/tw/dict/bible/other/hard
3:14	pvfb		νοήματα	1	rc://*/tw/dict/bible/other/mind
3:14	b8z3		ἡμέρας	1	rc://*/tw/dict/bible/other/biblicaltimeday
3:14	kbr4		κάλυμμα	1	rc://*/tw/dict/bible/other/veil
3:14	pwzr	keyterm	διαθήκης	1	rc://*/tw/dict/bible/kt/covenant
3:14	wb4r	keyterm	Χριστῷ	1	rc://*/tw/dict/bible/kt/christ
3:14	x5mm	keyterm	ἐν Χριστῷ	1	rc://*/tw/dict/bible/kt/inchrist
3:15	yxmc		σήμερον	1	rc://*/tw/dict/bible/other/biblicaltimeday
3:15	bjqe	name	Μωϋσῆς	1	rc://*/tw/dict/bible/names/moses
3:15	z5hf		κάλυμμα	1	rc://*/tw/dict/bible/other/veil
3:15	cstq	keyterm	καρδίαν	1	rc://*/tw/dict/bible/kt/heart
3:16	w44s		ἐπιστρέψῃ	1	rc://*/tw/dict/bible/other/turn
3:16	ge6x	keyterm	Κύριον	1	rc://*/tw/dict/bible/kt/lord
3:16	zc7j		κάλυμμα	1	rc://*/tw/dict/bible/other/veil
3:17	fqxt	keyterm	Κύριος	1	rc://*/tw/dict/bible/kt/lord
3:17	xh3n	keyterm	Πνεῦμά	1	rc://*/tw/dict/bible/kt/holyspirit
3:17	caax	keyterm	Πνεῦμα	1	rc://*/tw/dict/bible/kt/holyspirit
3:17	cfpr	keyterm	Κυρίου	1	rc://*/tw/dict/bible/kt/lord
3:17	d898		ἐλευθερία	1	rc://*/tw/dict/bible/other/free
3:18	t35a		προσώπῳ	1	rc://*/tw/dict/bible/other/face
3:18	aasr	keyterm	δόξαν	1	rc://*/tw/dict/bible/kt/glory
3:18	vt75	keyterm	Κυρίου	1	rc://*/tw/dict/bible/kt/lord
3:18	b697		εἰκόνα	1	rc://*/tw/dict/bible/other/image
3:18	pn24	keyterm	δόξης	1	rc://*/tw/dict/bible/kt/glory
3:18	n4aj	keyterm	δόξαν	2	rc://*/tw/dict/bible/kt/glory
3:18	m6hg		καθάπερ	1	rc://*/tw/dict/bible/other/like
3:18	nvuw	keyterm	Κυρίου	2	rc://*/tw/dict/bible/kt/lord
3:18	adfj	keyterm	Πνεύματος	1	rc://*/tw/dict/bible/kt/holyspirit
4:1	ytcp	keyterm	διακονίαν	1	rc://*/tw/dict/bible/kt/minister
4:1	f8tn		καθὼς	1	rc://*/tw/dict/bible/other/like
4:1	zy5y	keyterm	ἠλεήθημεν	1	rc://*/tw/dict/bible/kt/mercy
4:2	y59d		αἰσχύνης	1	rc://*/tw/dict/bible/other/shame
4:2	fmnd		περιπατοῦντες	1	rc://*/tw/dict/bible/other/walk
4:2	hd3w	keyterm	λόγον τοῦ Θεοῦ	1	rc://*/tw/dict/bible/kt/wordofgod
4:2	ec4e	keyterm	φανερώσει	1	rc://*/tw/dict/bible/kt/reveal
4:2	ztbd	keyterm	ἀληθείας	1	rc://*/tw/dict/bible/kt/true
4:2	r2s3	keyterm	συνείδησιν	1	rc://*/tw/dict/bible/kt/conscience
4:2	d4f6	keyterm	Θεοῦ	2	rc://*/tw/dict/bible/kt/god
4:3	tq2k	keyterm	εὐαγγέλιον	1	rc://*/tw/dict/bible/kt/goodnews
4:3	w5sd	keyterm	ἀπολλυμένοις	1	rc://*/tw/dict/bible/kt/perish
4:4	s85w	keyterm	θεὸς	1	rc://*/tw/dict/bible/kt/god
4:4	kb6y		αἰῶνος	1	rc://*/tw/dict/bible/other/age
4:4	qxug		νοήματα	1	rc://*/tw/dict/bible/other/mind
4:4	d6ab	keyterm	ἀπίστων	1	rc://*/tw/dict/bible/kt/believe
4:4	gz8m		φωτισμὸν	1	rc://*/tw/dict/bible/other/light
4:4	tevn	keyterm	εὐαγγελίου	1	rc://*/tw/dict/bible/kt/goodnews
4:4	p2ew	keyterm	δόξης	1	rc://*/tw/dict/bible/kt/glory
4:4	efj8	keyterm	Χριστοῦ	1	rc://*/tw/dict/bible/kt/christ
4:4	ks92		εἰκὼν	1	rc://*/tw/dict/bible/other/image
4:4	pznu	keyterm	Θεοῦ	1	rc://*/tw/dict/bible/kt/god
4:5	drd7		κηρύσσομεν	1	rc://*/tw/dict/bible/other/preach
4:5	sfrx	keyterm; name	Ἰησοῦν	1	rc://*/tw/dict/bible/kt/jesus
4:5	evhp	keyterm	Χριστὸν	1	rc://*/tw/dict/bible/kt/christ
4:5	gccc	keyterm	Κύριον	1	rc://*/tw/dict/bible/kt/lord
4:5	x7yz		δούλους	1	rc://*/tw/dict/bible/other/servant
4:5	zmsa	keyterm; name	Ἰησοῦν	2	rc://*/tw/dict/bible/kt/jesus
4:6	mavk	keyterm	Θεὸς	1	rc://*/tw/dict/bible/kt/god
4:6	pcm9		σκότους	1	rc://*/tw/dict/bible/other/darkness
4:6	qccm		φῶς	1	rc://*/tw/dict/bible/other/light
4:6	g5zv	keyterm	καρδίαις	1	rc://*/tw/dict/bible/kt/heart
4:6	vceq		φωτισμὸν	1	rc://*/tw/dict/bible/other/light
4:6	r4sb		γνώσεως	1	rc://*/tw/dict/bible/other/know
4:6	uqxu	keyterm	δόξης	1	rc://*/tw/dict/bible/kt/glory
4:6	wert	keyterm	Θεοῦ	1	rc://*/tw/dict/bible/kt/god
4:6	epcs		προσώπῳ	1	rc://*/tw/dict/bible/other/face
4:6	vkbk	keyterm; name	Ἰησοῦ	1	rc://*/tw/dict/bible/kt/jesus
4:6	xqqz	keyterm	Χριστοῦ	1	rc://*/tw/dict/bible/kt/christ
4:7	yzj6		ὀστρακίνοις	1	rc://*/tw/dict/bible/other/earth
4:7	qvaj	keyterm	δυνάμεως	1	rc://*/tw/dict/bible/kt/power
4:7	ufvb	keyterm	Θεοῦ	1	rc://*/tw/dict/bible/kt/god
4:8	e7bw		θλιβόμενοι	1	rc://*/tw/dict/bible/other/afflict
4:9	af5m		διωκόμενοι	1	rc://*/tw/dict/bible/other/persecute
4:9	ap4w		ἐνκαταλειπόμενοι	1	rc://*/tw/dict/bible/other/forsaken
4:9	j2j6	keyterm	ἀπολλύμενοι	1	rc://*/tw/dict/bible/kt/perish
4:10	v95t		νέκρωσιν	1	rc://*/tw/dict/bible/other/death
4:10	jxm5	keyterm; name	Ἰησοῦ	1	rc://*/tw/dict/bible/kt/jesus
4:10	byve	keyterm	σώματι	1	rc://*/tw/dict/bible/kt/body
4:10	e58g	keyterm	ζωὴ	1	rc://*/tw/dict/bible/kt/life
4:10	qtqq	keyterm; name	Ἰησοῦ	2	rc://*/tw/dict/bible/kt/jesus
4:10	zshb	keyterm	σώματι	2	rc://*/tw/dict/bible/kt/body
4:10	s58e	keyterm	φανερωθῇ	1	rc://*/tw/dict/bible/kt/reveal
4:11	qcj6	keyterm	ζῶντες	1	rc://*/tw/dict/bible/kt/life
4:11	xkpw		θάνατον	1	rc://*/tw/dict/bible/other/death
4:11	xqwj	keyterm; name	Ἰησοῦν	1	rc://*/tw/dict/bible/kt/jesus
4:11	y86g	keyterm	ζωὴ	1	rc://*/tw/dict/bible/kt/life
4:11	rwap	keyterm; name	Ἰησοῦ	1	rc://*/tw/dict/bible/kt/jesus
4:11	tzas	keyterm	φανερωθῇ	1	rc://*/tw/dict/bible/kt/reveal
4:11	brsa	keyterm	σαρκὶ	1	rc://*/tw/dict/bible/kt/flesh
4:12	rdwr		θάνατος	1	rc://*/tw/dict/bible/other/death
4:12	d2sy	keyterm	ζωὴ	1	rc://*/tw/dict/bible/kt/life
4:13	areu	keyterm	πνεῦμα	1	rc://*/tw/dict/bible/kt/spirit
4:13	aqn9	keyterm	πίστεως	1	rc://*/tw/dict/bible/kt/faith
4:13	qdkh		γεγραμμένον	1	rc://*/tw/dict/bible/other/written
4:13	qf9t	keyterm	ἐπίστευσα	1	rc://*/tw/dict/bible/kt/believe
4:13	cwxz	keyterm	πιστεύομεν	1	rc://*/tw/dict/bible/kt/believe
4:14	zvjv		εἰδότες	1	rc://*/tw/dict/bible/other/know
4:14	mn9w		ἐγείρας	1	rc://*/tw/dict/bible/other/raise
4:14	rtbq	keyterm; name	Ἰησοῦν	1	rc://*/tw/dict/bible/kt/jesus
4:14	mjht	keyterm; name	Ἰησοῦ	1	rc://*/tw/dict/bible/kt/jesus
4:14	ggb9		ἐγερεῖ	1	rc://*/tw/dict/bible/other/raise
4:15	vy6n	keyterm	χάρις	1	rc://*/tw/dict/bible/kt/grace
4:15	s8xh		περισσεύσῃ	1	rc://*/tw/dict/bible/other/multiply
4:15	dtkw	keyterm	δόξαν	1	rc://*/tw/dict/bible/kt/glory
4:15	hrqj	keyterm	Θεοῦ	1	rc://*/tw/dict/bible/kt/god
4:16	eeue		διαφθείρεται	1	rc://*/tw/dict/bible/other/corrupt
4:16	zhsz		ἡμέρᾳ	1	rc://*/tw/dict/bible/other/biblicaltimeday
4:16	u2pp		ἡμέρᾳ	2	rc://*/tw/dict/bible/other/biblicaltimeday
4:17	y3f5		θλίψεως	1	rc://*/tw/dict/bible/other/tribulation
4:17	aufn	keyterm	αἰώνιον	1	rc://*/tw/dict/bible/kt/eternity
4:17	p9r6	keyterm	δόξης	1	rc://*/tw/dict/bible/kt/glory
4:18	jydc	keyterm	αἰώνια	1	rc://*/tw/dict/bible/kt/eternity
5:1	vkfh		οἴδαμεν	1	rc://*/tw/dict/bible/other/know
5:1	phyz		ἐπίγειος	1	rc://*/tw/dict/bible/other/earth
5:1	ddqe		οἰκία	1	rc://*/tw/dict/bible/other/house
5:1	v78t		σκήνους	1	rc://*/tw/dict/bible/other/tent
5:1	fnrn	keyterm	Θεοῦ	1	rc://*/tw/dict/bible/kt/god
5:1	epfm		οἰκίαν	1	rc://*/tw/dict/bible/other/house
5:1	cqnp	keyterm	αἰώνιον	1	rc://*/tw/dict/bible/kt/eternity
5:1	gnkx	keyterm	οὐρανοῖς	1	rc://*/tw/dict/bible/kt/heaven
5:2	epvj		στενάζομεν	1	rc://*/tw/dict/bible/other/groan
5:2	yj88	keyterm	οὐρανοῦ	1	rc://*/tw/dict/bible/kt/heaven
5:2	m5ea		ἐπενδύσασθαι	1	rc://*/tw/dict/bible/other/clothed
5:3	fqjm		ἐνδυσάμενοι	1	rc://*/tw/dict/bible/other/clothed
5:4	g5g8		σκήνει	1	rc://*/tw/dict/bible/other/tent
5:4	aa7g		στενάζομεν	1	rc://*/tw/dict/bible/other/groan
5:4	tjks		βαρούμενοι	1	rc://*/tw/dict/bible/other/burden
5:4	x6fr		ἐκδύσασθαι	1	rc://*/tw/dict/bible/other/clothed
5:4	nqxf		ἐπενδύσασθαι	1	rc://*/tw/dict/bible/other/clothed
5:4	d58q	keyterm	ζωῆς	1	rc://*/tw/dict/bible/kt/life
5:5	yyy4	keyterm	Θεός	1	rc://*/tw/dict/bible/kt/god
5:5	js5w		ἀρραβῶνα	1	rc://*/tw/dict/bible/other/pledge
5:5	mc3n	keyterm	Πνεύματος	1	rc://*/tw/dict/bible/kt/holyspirit
5:6	qehf		θαρροῦντες	1	rc://*/tw/dict/bible/other/confidence
5:6	f5xq		εἰδότες	1	rc://*/tw/dict/bible/other/know
5:6	jmjd	keyterm	σώματι	1	rc://*/tw/dict/bible/kt/body
5:6	ujp4	keyterm	Κυρίου	1	rc://*/tw/dict/bible/kt/lord
5:7	a9ca	keyterm	πίστεως	1	rc://*/tw/dict/bible/kt/faith
5:7	q5ta		περιπατοῦμεν	1	rc://*/tw/dict/bible/other/walk
5:8	zq43		θαρροῦμεν	1	rc://*/tw/dict/bible/other/confidence
5:8	sznm	keyterm	σώματος	1	rc://*/tw/dict/bible/kt/body
5:8	q6nx	keyterm	Κύριον	1	rc://*/tw/dict/bible/kt/lord
5:10	u8fw	keyterm	φανερωθῆναι	1	rc://*/tw/dict/bible/kt/reveal
5:10	ys8k	keyterm	Χριστοῦ	1	rc://*/tw/dict/bible/kt/christ
5:10	kuwd		κομίσηται	1	rc://*/tw/dict/bible/other/receive
5:10	gnuk	keyterm	σώματος	1	rc://*/tw/dict/bible/kt/body
5:10	z3pb	keyterm	ἀγαθὸν	1	rc://*/tw/dict/bible/kt/good
5:10	zpws	keyterm	κακὸν	1	rc://*/tw/dict/bible/kt/evil
5:11	ujaq		εἰδότες	1	rc://*/tw/dict/bible/other/know
5:11	p6t5	keyterm	φόβον	1	rc://*/tw/dict/bible/kt/fear
5:11	hxmd	keyterm	Κυρίου	1	rc://*/tw/dict/bible/kt/lord
5:11	qqd8	keyterm	Θεῷ	1	rc://*/tw/dict/bible/kt/god
5:11	zd9q	keyterm	πεφανερώμεθα	1	rc://*/tw/dict/bible/kt/reveal
5:11	jkg5	keyterm	ἐλπίζω	1	rc://*/tw/dict/bible/kt/hope
5:11	q8x8	keyterm	συνειδήσεσιν	1	rc://*/tw/dict/bible/kt/conscience
5:11	dpfz	keyterm	πεφανερῶσθαι	1	rc://*/tw/dict/bible/kt/reveal
5:12	gwq9	keyterm	καυχήματος	1	rc://*/tw/dict/bible/kt/boast
5:12	ruuu	keyterm	καυχωμένους	1	rc://*/tw/dict/bible/kt/boast
5:12	qhuf	keyterm	καρδίᾳ	1	rc://*/tw/dict/bible/kt/heart
5:13	tcbc	keyterm	Θεῷ	1	rc://*/tw/dict/bible/kt/god
5:14	kew6	keyterm	ἀγάπη	1	rc://*/tw/dict/bible/kt/love
5:14	sf26	keyterm	Χριστοῦ	1	rc://*/tw/dict/bible/kt/christ
5:14	rsm7	keyterm	κρίναντας	1	rc://*/tw/dict/bible/kt/judge
5:14	zg54		ἀπέθανεν	1	rc://*/tw/dict/bible/other/death
5:14	r9gb		ἀπέθανον	1	rc://*/tw/dict/bible/other/death
5:15	fyrz		ἀπέθανεν	1	rc://*/tw/dict/bible/other/death
5:15	hkwg	keyterm	ζῶντες	1	rc://*/tw/dict/bible/kt/life
5:15	ywtd	keyterm	ζῶσιν	1	rc://*/tw/dict/bible/kt/life
5:15	hfq5		ἀποθανόντι	1	rc://*/tw/dict/bible/other/death
5:15	kh68		ἐγερθέντι	1	rc://*/tw/dict/bible/other/raise
5:16	bhqx		οἴδαμεν	1	rc://*/tw/dict/bible/other/know
5:16	vhgp	keyterm	σάρκα	1	rc://*/tw/dict/bible/kt/flesh
5:16	hcsc		ἐγνώκαμεν	1	rc://*/tw/dict/bible/other/know
5:16	ut2n	keyterm	σάρκα	2	rc://*/tw/dict/bible/kt/flesh
5:16	njn2	keyterm	Χριστόν	1	rc://*/tw/dict/bible/kt/christ
5:16	wve6		γινώσκομεν	1	rc://*/tw/dict/bible/other/know
5:17	qnbr	keyterm	Χριστῷ	1	rc://*/tw/dict/bible/kt/christ
5:17	fnv6	keyterm	ἐν Χριστῷ	1	rc://*/tw/dict/bible/kt/inchrist
5:17	jvjk		κτίσις	1	rc://*/tw/dict/bible/other/creation
5:18	baun	keyterm	Θεοῦ	1	rc://*/tw/dict/bible/kt/god
5:18	b6x2	keyterm	καταλλάξαντος	1	rc://*/tw/dict/bible/kt/reconcile
5:18	e4eq	keyterm	Χριστοῦ	1	rc://*/tw/dict/bible/kt/christ
5:18	fqjz	keyterm	διακονίαν	1	rc://*/tw/dict/bible/kt/minister
5:18	he2w	keyterm	καταλλαγῆς	1	rc://*/tw/dict/bible/kt/reconcile
5:19	bfra	keyterm	Θεὸς	1	rc://*/tw/dict/bible/kt/god
5:19	q4af	keyterm	Χριστῷ	1	rc://*/tw/dict/bible/kt/christ
5:19	cfyu	keyterm	ἐν Χριστῷ	1	rc://*/tw/dict/bible/kt/inchrist
5:19	fjrq	keyterm	κόσμον	1	rc://*/tw/dict/bible/kt/world
5:19	vpqf	keyterm	καταλλάσσων	1	rc://*/tw/dict/bible/kt/reconcile
5:19	k8sw	keyterm	παραπτώματα	1	rc://*/tw/dict/bible/kt/trespass
5:19	jnz4	keyterm	καταλλαγῆς	1	rc://*/tw/dict/bible/kt/reconcile
5:20	p5k3	keyterm	Χριστοῦ	1	rc://*/tw/dict/bible/kt/christ
5:20	hdck		πρεσβεύομεν	1	rc://*/tw/dict/bible/other/ambassador
5:20	v2k9		ὡς	1	rc://*/tw/dict/bible/other/like
5:20	pem6	keyterm	Θεοῦ	1	rc://*/tw/dict/bible/kt/god
5:20	x5m9	keyterm	παρακαλοῦντος	1	rc://*/tw/dict/bible/kt/exhort
5:20	hu6j	keyterm	Χριστοῦ	2	rc://*/tw/dict/bible/kt/christ
5:20	f9mw	keyterm	καταλλάγητε	1	rc://*/tw/dict/bible/kt/reconcile
5:20	vnz2	keyterm	Θεῷ	1	rc://*/tw/dict/bible/kt/god
5:21	epbx		γνόντα	1	rc://*/tw/dict/bible/other/know
5:21	bycx	keyterm	ἁμαρτίαν	1	rc://*/tw/dict/bible/kt/sin
5:21	uqbf	keyterm	ἁμαρτίαν	2	rc://*/tw/dict/bible/kt/sin
5:21	ueky	keyterm	δικαιοσύνη	1	rc://*/tw/dict/bible/kt/righteous
5:21	bpw6	keyterm	Θεοῦ	1	rc://*/tw/dict/bible/kt/god
6:1	ysbg	keyterm	παρακαλοῦμεν	1	rc://*/tw/dict/bible/kt/exhort
6:1	fxaz	keyterm	χάριν	1	rc://*/tw/dict/bible/kt/grace
6:1	hmng	keyterm	Θεοῦ	1	rc://*/tw/dict/bible/kt/god
6:1	gybr		δέξασθαι	1	rc://*/tw/dict/bible/other/receive
6:2	wxsh		καιρῷ	1	rc://*/tw/dict/bible/other/time
6:2	ekm2		ἡμέρᾳ	1	rc://*/tw/dict/bible/other/biblicaltimeday
6:2	t3fh	keyterm	σωτηρίας	1	rc://*/tw/dict/bible/kt/save
6:2	t5ty		καιρὸς	1	rc://*/tw/dict/bible/other/time
6:2	eyhy	keyterm	εὐπρόσδεκτος	1	rc://*/tw/dict/bible/kt/favor
6:2	mmfz		ἡμέρα	1	rc://*/tw/dict/bible/other/biblicaltimeday
6:2	mke2	keyterm	σωτηρίας	2	rc://*/tw/dict/bible/kt/save
6:3	qmnj		προσκοπήν	1	rc://*/tw/dict/bible/other/stumblingblock
6:3	x6dh	keyterm	διακονία	1	rc://*/tw/dict/bible/kt/minister
6:4	zuw4		ὡς	1	rc://*/tw/dict/bible/other/like
6:4	a6s4	keyterm	Θεοῦ	1	rc://*/tw/dict/bible/kt/god
6:4	s7wm	keyterm	διάκονοι	1	rc://*/tw/dict/bible/kt/minister
6:4	qup5		ὑπομονῇ	1	rc://*/tw/dict/bible/other/endure
6:4	cz5r		θλίψεσιν	1	rc://*/tw/dict/bible/other/tribulation
6:4	b4xg		ἀνάγκαις	1	rc://*/tw/dict/bible/other/hard
6:5	m43g		φυλακαῖς	1	rc://*/tw/dict/bible/other/prison
6:5	x3ks		κόποις	1	rc://*/tw/dict/bible/other/labor
6:5	p9jw		νηστείαις	1	rc://*/tw/dict/bible/other/fast
6:6	nmbv		γνώσει	1	rc://*/tw/dict/bible/other/know
6:6	chhy		μακροθυμίᾳ	1	rc://*/tw/dict/bible/other/patient
6:6	t5s5		χρηστότητι	1	rc://*/tw/dict/bible/other/kind
6:6	cq43	keyterm	Πνεύματι Ἁγίῳ	1	rc://*/tw/dict/bible/kt/holyspirit
6:6	rz4j	keyterm	ἀγάπῃ	1	rc://*/tw/dict/bible/kt/love
6:7	q67e	keyterm	ἀληθείας	1	rc://*/tw/dict/bible/kt/true
6:7	c79j	keyterm	δυνάμει	1	rc://*/tw/dict/bible/kt/power
6:7	yn2n	keyterm	Θεοῦ	1	rc://*/tw/dict/bible/kt/god
6:7	trqv		ὅπλων	1	rc://*/tw/dict/bible/other/armor
6:7	xvpq	keyterm	δικαιοσύνης	1	rc://*/tw/dict/bible/kt/righteous
6:7	j4am	keyterm	δεξιῶν	1	rc://*/tw/dict/bible/kt/righthand
6:8	wftg	keyterm	δόξης	1	rc://*/tw/dict/bible/kt/glory
6:8	ar7k		ἀτιμίας	1	rc://*/tw/dict/bible/other/dishonor
6:8	h276		δυσφημίας	1	rc://*/tw/dict/bible/other/slander
6:8	csz6		ὡς	1	rc://*/tw/dict/bible/other/like
6:8	z793		πλάνοι	1	rc://*/tw/dict/bible/other/deceive
6:8	r88p	keyterm	ἀληθεῖς	1	rc://*/tw/dict/bible/kt/true
6:9	xeu7		ὡς	1	rc://*/tw/dict/bible/other/like
6:9	y6rv		ἀγνοούμενοι	1	rc://*/tw/dict/bible/other/know
6:9	z7dr		ἐπιγινωσκόμενοι	1	rc://*/tw/dict/bible/other/know
6:9	gc8g		ὡς	2	rc://*/tw/dict/bible/other/like
6:9	axt4		ἀποθνῄσκοντες	1	rc://*/tw/dict/bible/other/death
6:9	rd4j	keyterm	ζῶμεν	1	rc://*/tw/dict/bible/kt/life
6:9	t3u9		ὡς	3	rc://*/tw/dict/bible/other/like
6:9	g8uy	keyterm	παιδευόμενοι	1	rc://*/tw/dict/bible/kt/discipline
6:9	xus9		θανατούμενοι	1	rc://*/tw/dict/bible/other/death
6:10	myhw		ὡς	1	rc://*/tw/dict/bible/other/like
6:10	zrge		χαίροντες	1	rc://*/tw/dict/bible/other/joy
6:10	gqhm		ὡς	2	rc://*/tw/dict/bible/other/like
6:10	utkx		ὡς	3	rc://*/tw/dict/bible/other/like
6:10	eanf		κατέχοντες	1	rc://*/tw/dict/bible/other/possess
6:11	xkvf	name	Κορίνθιοι	1	rc://*/tw/dict/bible/names/corinth
6:11	bn44	keyterm	καρδία	1	rc://*/tw/dict/bible/kt/heart
6:13	rbj4		ὡς	1	rc://*/tw/dict/bible/other/like
6:13	pgj9	keyterm	τέκνοις	1	rc://*/tw/dict/bible/kt/children
6:14	rxpf		ἑτεροζυγοῦντες	1	rc://*/tw/dict/bible/other/yoke
6:14	tuy2	keyterm	ἀπίστοις	1	rc://*/tw/dict/bible/kt/believe
6:14	ynft	keyterm	δικαιοσύνῃ	1	rc://*/tw/dict/bible/kt/righteous
6:14	efpg		ἀνομίᾳ	1	rc://*/tw/dict/bible/other/lawful
6:14	vp98	keyterm	κοινωνία	1	rc://*/tw/dict/bible/kt/fellowship
6:14	dj2z		φωτὶ	1	rc://*/tw/dict/bible/other/light
6:14	e3xw		σκότος	1	rc://*/tw/dict/bible/other/darkness
6:15	mkmd	keyterm	Χριστοῦ	1	rc://*/tw/dict/bible/kt/christ
6:15	evn6	keyterm	πιστῷ	1	rc://*/tw/dict/bible/kt/believe
6:15	an9p	keyterm	ἀπίστου	1	rc://*/tw/dict/bible/kt/believe
6:16	huva	keyterm	ναῷ	1	rc://*/tw/dict/bible/kt/temple
6:16	bnq4	keyterm	Θεοῦ	1	rc://*/tw/dict/bible/kt/god
6:16	b9xj	keyterm	εἰδώλων	1	rc://*/tw/dict/bible/kt/falsegod
6:16	x9ex	keyterm	ναὸς	1	rc://*/tw/dict/bible/kt/temple
6:16	mr7f	keyterm	Θεοῦ	2	rc://*/tw/dict/bible/kt/god
6:16	fwcy	keyterm	ζῶντος	1	rc://*/tw/dict/bible/kt/life
6:16	cb94		καθὼς	1	rc://*/tw/dict/bible/other/like
6:16	uase	keyterm	Θεὸς	1	rc://*/tw/dict/bible/kt/god
6:16	uh5q		ἐνπεριπατήσω	1	rc://*/tw/dict/bible/other/walk
6:16	tyq9	keyterm	Θεός	1	rc://*/tw/dict/bible/kt/god
6:16	tf92		λαός	1	rc://*/tw/dict/bible/other/peoplegroup
6:16	avah	keyterm	μου λαός	1	rc://*/tw/dict/bible/kt/peopleofgod
6:17	kcqt	keyterm	ἀφορίσθητε	1	rc://*/tw/dict/bible/kt/setapart
6:17	ebd6	keyterm	Κύριος	1	rc://*/tw/dict/bible/kt/lord
6:17	rrnm	keyterm	ἀκαθάρτου	1	rc://*/tw/dict/bible/kt/clean
6:17	rrck		εἰσδέξομαι	1	rc://*/tw/dict/bible/other/receive
6:18	qg2p	keyterm	πατέρα	1	rc://*/tw/dict/bible/kt/godthefather
6:18	qxmh	keyterm	υἱοὺς	1	rc://*/tw/dict/bible/kt/sonsofgod
6:18	a5e4	keyterm	Κύριος	1	rc://*/tw/dict/bible/kt/lord
6:18	n2sp	keyterm	Παντοκράτωρ	1	rc://*/tw/dict/bible/kt/almighty
7:1	m6cy	keyterm	ἐπαγγελίας	1	rc://*/tw/dict/bible/kt/promise
7:1	xe7b	keyterm	ἀγαπητοί	1	rc://*/tw/dict/bible/kt/beloved
7:1	a55z	keyterm	καθαρίσωμεν	1	rc://*/tw/dict/bible/kt/clean
7:1	zzdp	keyterm	σαρκὸς	1	rc://*/tw/dict/bible/kt/flesh
7:1	n4bc	keyterm	πνεύματος	1	rc://*/tw/dict/bible/kt/spirit
7:1	d4fv	keyterm	ἁγιωσύνην	1	rc://*/tw/dict/bible/kt/holy
7:1	q4xz	keyterm	φόβῳ	1	rc://*/tw/dict/bible/kt/fear
7:1	a9t8	keyterm	Θεοῦ	1	rc://*/tw/dict/bible/kt/god
7:2	h7jk		χωρήσατε	1	rc://*/tw/dict/bible/other/receive
7:2	u3sk		ἠδικήσαμεν	1	rc://*/tw/dict/bible/other/wrong
7:2	rhm7		ἐφθείραμεν	1	rc://*/tw/dict/bible/other/corrupt
7:3	f8pa	keyterm	κατάκρισιν	1	rc://*/tw/dict/bible/kt/condemn
7:3	scxc	keyterm	καρδίαις	1	rc://*/tw/dict/bible/kt/heart
7:3	be7c		συναποθανεῖν	1	rc://*/tw/dict/bible/other/death
7:3	q3m7	keyterm	συνζῆν	1	rc://*/tw/dict/bible/kt/life
7:4	w3py		παρρησία	1	rc://*/tw/dict/bible/other/bold
7:4	un9g	keyterm	καύχησις	1	rc://*/tw/dict/bible/kt/boast
7:4	tq96		παρακλήσει	1	rc://*/tw/dict/bible/other/courage
7:4	wjyr		χαρᾷ	1	rc://*/tw/dict/bible/other/joy
7:4	h5z9		θλίψει	1	rc://*/tw/dict/bible/other/tribulation
7:5	kaj3	name	Μακεδονίαν	1	rc://*/tw/dict/bible/names/macedonia
7:5	jwy2		ἄνεσιν	1	rc://*/tw/dict/bible/other/rest
7:5	eaaz	keyterm	σὰρξ	1	rc://*/tw/dict/bible/kt/flesh
7:5	suhr	keyterm	φόβοι	1	rc://*/tw/dict/bible/kt/fear
7:6	x44x		παρακαλῶν	1	rc://*/tw/dict/bible/other/comfort
7:6	ecey	keyterm	ταπεινοὺς	1	rc://*/tw/dict/bible/kt/humble
7:6	uw5v		παρεκάλεσεν	1	rc://*/tw/dict/bible/other/courage
7:6	xh2k	keyterm	Θεὸς	1	rc://*/tw/dict/bible/kt/god
7:6	v9u2	name	Τίτου	1	rc://*/tw/dict/bible/names/titus
7:7	uxzb		παρακλήσει	1	rc://*/tw/dict/bible/other/comfort
7:7	gz2d		παρεκλήθη	1	rc://*/tw/dict/bible/other/comfort
7:7	thgc		ἀναγγέλλων	1	rc://*/tw/dict/bible/other/report
7:7	tc8u	keyterm	ζῆλον	1	rc://*/tw/dict/bible/kt/zealous
7:7	hr57		χαρῆναι	1	rc://*/tw/dict/bible/other/joy
7:8	m4x4		ἐπιστολῇ	1	rc://*/tw/dict/bible/other/letter
7:8	xy9q		ἐπιστολὴ	1	rc://*/tw/dict/bible/other/letter
7:8	xkb9		ὥραν	1	rc://*/tw/dict/bible/other/hour
7:9	c6j2		χαίρω	1	rc://*/tw/dict/bible/other/joy
7:9	cvur	keyterm	μετάνοιαν	1	rc://*/tw/dict/bible/kt/repent
7:9	jk5z	keyterm	Θεόν	1	rc://*/tw/dict/bible/kt/god
7:10	axec	keyterm	Θεὸν	1	rc://*/tw/dict/bible/kt/god
7:10	k5py	keyterm	μετάνοιαν	1	rc://*/tw/dict/bible/kt/repent
7:10	c526	keyterm	σωτηρίαν	1	rc://*/tw/dict/bible/kt/save
7:10	tgj6		ἐργάζεται	1	rc://*/tw/dict/bible/other/labor
7:10	hp2r	keyterm	κόσμου	1	rc://*/tw/dict/bible/kt/world
7:10	jxnh		θάνατον	1	rc://*/tw/dict/bible/other/death
7:11	a3jq	keyterm	Θεὸν	1	rc://*/tw/dict/bible/kt/god
7:11	ud57	keyterm	φόβον	1	rc://*/tw/dict/bible/kt/fear
7:11	feta	keyterm	ζῆλον	1	rc://*/tw/dict/bible/kt/zealous
7:11	sc2r		ἐκδίκησιν	1	rc://*/tw/dict/bible/other/avenge
7:11	qzqe	keyterm	ἁγνοὺς	1	rc://*/tw/dict/bible/kt/purify
7:12	wpdt		ἀδικήσαντος	1	rc://*/tw/dict/bible/other/wrong
7:12	bvju		ἀδικηθέντος	1	rc://*/tw/dict/bible/other/wrong
7:12	j3xk	keyterm	φανερωθῆναι	1	rc://*/tw/dict/bible/kt/reveal
7:12	gcdm	keyterm	Θεοῦ	1	rc://*/tw/dict/bible/kt/god
7:13	mcmu		παρακεκλήμεθα	1	rc://*/tw/dict/bible/other/comfort
7:13	q79m		παρακλήσει	1	rc://*/tw/dict/bible/other/comfort
7:13	futu		ἐχάρημεν	1	rc://*/tw/dict/bible/other/joy
7:13	atu8		χαρᾷ	1	rc://*/tw/dict/bible/other/joy
7:13	wnu9	name	Τίτου	1	rc://*/tw/dict/bible/names/titus
7:13	rm7w	keyterm	πνεῦμα	1	rc://*/tw/dict/bible/kt/spirit
7:14	ef2y	keyterm	κεκαύχημαι	1	rc://*/tw/dict/bible/kt/boast
7:14	pder		κατῃσχύνθην	1	rc://*/tw/dict/bible/other/shame
7:14	rgrv		ὡς	1	rc://*/tw/dict/bible/other/like
7:14	djh7	keyterm	ἀληθείᾳ	1	rc://*/tw/dict/bible/kt/true
7:14	bphz	keyterm	καύχησις	1	rc://*/tw/dict/bible/kt/boast
7:14	zwjz	name	Τίτου	1	rc://*/tw/dict/bible/names/titus
7:14	etxd	keyterm	ἀλήθεια	1	rc://*/tw/dict/bible/kt/true
7:15	rfqn		ὑπακοήν	1	rc://*/tw/dict/bible/other/obey
7:15	myws	keyterm	φόβου	1	rc://*/tw/dict/bible/kt/fear
7:15	cbm2		τρόμου	1	rc://*/tw/dict/bible/other/tremble
7:15	bqa6		ἐδέξασθε	1	rc://*/tw/dict/bible/other/receive
7:16	mf7g		χαίρω	1	rc://*/tw/dict/bible/other/joy
7:16	f6f2		θαρρῶ	1	rc://*/tw/dict/bible/other/confidence
8:1	sc37		γνωρίζομεν	1	rc://*/tw/dict/bible/other/know
8:1	en94	keyterm	ἀδελφοί	1	rc://*/tw/dict/bible/kt/brother
8:1	kwd9	keyterm	χάριν	1	rc://*/tw/dict/bible/kt/grace
8:1	pf53	keyterm	Θεοῦ	1	rc://*/tw/dict/bible/kt/god
8:1	fhv8	keyterm	ἐκκλησίαις	1	rc://*/tw/dict/bible/kt/church
8:1	v4z7	name	Μακεδονίας	1	rc://*/tw/dict/bible/names/macedonia
8:2	qy5s		θλίψεως	1	rc://*/tw/dict/bible/other/tribulation
8:2	e3et		χαρᾶς	1	rc://*/tw/dict/bible/other/joy
8:2	aq9r		ἐπερίσσευσεν	1	rc://*/tw/dict/bible/other/multiply
8:3	zu6h	keyterm	δύναμιν	1	rc://*/tw/dict/bible/kt/power
8:3	jdjs	keyterm	μαρτυρῶ	1	rc://*/tw/dict/bible/kt/testimony
8:3	k8ge	keyterm	δύναμιν	2	rc://*/tw/dict/bible/kt/power
8:4	kk4f	keyterm	παρακλήσεως	1	rc://*/tw/dict/bible/kt/exhort
8:4	r2d5	keyterm	χάριν	1	rc://*/tw/dict/bible/kt/grace
8:4	g3nb	keyterm	κοινωνίαν	1	rc://*/tw/dict/bible/kt/fellowship
8:4	yc5j	keyterm	διακονίας	1	rc://*/tw/dict/bible/kt/minister
8:4	nfst	keyterm	ἁγίους	1	rc://*/tw/dict/bible/kt/saint
8:5	b69b		καθὼς	1	rc://*/tw/dict/bible/other/like
8:5	d5eg	keyterm	ἠλπίσαμεν	1	rc://*/tw/dict/bible/kt/hope
8:5	kar7	keyterm	Κυρίῳ	1	rc://*/tw/dict/bible/kt/lord
8:5	fwqj	keyterm	Θεοῦ	1	rc://*/tw/dict/bible/kt/god
8:5	hg3d	keyterm	θελήματος Θεοῦ	1	rc://*/tw/dict/bible/kt/willofgod
8:6	gr5n	keyterm	παρακαλέσαι	1	rc://*/tw/dict/bible/kt/exhort
8:6	hxd8	name	Τίτον	1	rc://*/tw/dict/bible/names/titus
8:6	gtn7		καθὼς	1	rc://*/tw/dict/bible/other/like
8:6	wtdn	keyterm	χάριν	1	rc://*/tw/dict/bible/kt/grace
8:7	wtbg		ὥσπερ	1	rc://*/tw/dict/bible/other/like
8:7	av5u		περισσεύετε	1	rc://*/tw/dict/bible/other/multiply
8:7	qytr	keyterm	πίστει	1	rc://*/tw/dict/bible/kt/faith
8:7	m92u		γνώσει	1	rc://*/tw/dict/bible/other/know
8:7	wxhr	keyterm	ἀγάπῃ	1	rc://*/tw/dict/bible/kt/love
8:7	b8z6	keyterm	χάριτι	1	rc://*/tw/dict/bible/kt/grace
8:7	kvjh		περισσεύητε	1	rc://*/tw/dict/bible/other/multiply
8:8	c2xy	keyterm	ἐπιταγὴν	1	rc://*/tw/dict/bible/kt/command
8:8	fdq8	keyterm	ἀγάπης	1	rc://*/tw/dict/bible/kt/love
8:8	p53y	keyterm	δοκιμάζων	1	rc://*/tw/dict/bible/kt/test
8:9	x7nx		γινώσκετε	1	rc://*/tw/dict/bible/other/know
8:9	gxcm	keyterm	χάριν	1	rc://*/tw/dict/bible/kt/grace
8:9	m8w2	keyterm	Κυρίου	1	rc://*/tw/dict/bible/kt/lord
8:9	h34d	keyterm; name	Ἰησοῦ	1	rc://*/tw/dict/bible/kt/jesus
8:9	b2ux	keyterm	Χριστοῦ	1	rc://*/tw/dict/bible/kt/christ
8:10	xq5f		συμφέρει	1	rc://*/tw/dict/bible/other/profit
8:13	ynmv		θλῖψις	1	rc://*/tw/dict/bible/other/afflict
8:14	yemb		νῦν καιρῷ	1	rc://*/tw/dict/bible/other/time
8:15	ckqe		καθὼς	1	rc://*/tw/dict/bible/other/like
8:15	ua78		γέγραπται	1	rc://*/tw/dict/bible/other/written
8:16	cjd9	keyterm	χάρις	1	rc://*/tw/dict/bible/kt/grace
8:16	buvs	keyterm	Θεῷ	1	rc://*/tw/dict/bible/kt/god
8:16	fdav	keyterm	καρδίᾳ	1	rc://*/tw/dict/bible/kt/heart
8:16	t9ab	name	Τίτου	1	rc://*/tw/dict/bible/names/titus
8:17	ffqp	keyterm	παράκλησιν	1	rc://*/tw/dict/bible/kt/exhort
8:17	eb4y		ἐδέξατο	1	rc://*/tw/dict/bible/other/receive
8:18	zbf7		συνεπέμψαμεν	1	rc://*/tw/dict/bible/other/send
8:18	y5vv	keyterm	ἀδελφὸν	1	rc://*/tw/dict/bible/kt/brother
8:18	h48x		ἔπαινος	1	rc://*/tw/dict/bible/other/praise
8:18	yxj5	keyterm	εὐαγγελίῳ	1	rc://*/tw/dict/bible/kt/goodnews
8:18	uer9	keyterm	ἐκκλησιῶν	1	rc://*/tw/dict/bible/kt/church
8:19	up27	keyterm	ἐκκλησιῶν	1	rc://*/tw/dict/bible/kt/church
8:19	djrg	keyterm	χάριτι	1	rc://*/tw/dict/bible/kt/grace
8:19	rcsp	keyterm	διακονουμένῃ	1	rc://*/tw/dict/bible/kt/minister
8:19	d2jy	keyterm	Κυρίου	1	rc://*/tw/dict/bible/kt/lord
8:19	vn6t	keyterm	δόξαν	1	rc://*/tw/dict/bible/kt/glory
8:20	tmtx	keyterm	διακονουμένῃ	1	rc://*/tw/dict/bible/kt/minister
8:21	ryax	keyterm	καλὰ	1	rc://*/tw/dict/bible/kt/good
8:21	mnfx	keyterm	Κυρίου	1	rc://*/tw/dict/bible/kt/lord
8:22	mn4f	keyterm	ἀδελφὸν	1	rc://*/tw/dict/bible/kt/brother
8:22	pxn3	keyterm	ἐδοκιμάσαμεν	1	rc://*/tw/dict/bible/kt/test
8:22	s7at		πεποιθήσει	1	rc://*/tw/dict/bible/other/confidence
8:23	twf4	name	Τίτου	1	rc://*/tw/dict/bible/names/titus
8:23	qgdx		συνεργός	1	rc://*/tw/dict/bible/other/companion
8:23	a5af	keyterm	ἀδελφοὶ	1	rc://*/tw/dict/bible/kt/brother
8:23	yftz		ἀπόστολοι	1	rc://*/tw/dict/bible/other/messenger
8:23	veth	keyterm	ἐκκλησιῶν	1	rc://*/tw/dict/bible/kt/church
8:23	e2g2	keyterm	δόξα	1	rc://*/tw/dict/bible/kt/glory
8:23	zdqj	keyterm	Χριστοῦ	1	rc://*/tw/dict/bible/kt/christ
8:24	g4wz	keyterm	ἀγάπης	1	rc://*/tw/dict/bible/kt/love
8:24	g4vf	keyterm	καυχήσεως	1	rc://*/tw/dict/bible/kt/boast
8:24	txqz		πρόσωπον	1	rc://*/tw/dict/bible/other/face
8:24	u4ke	keyterm	ἐκκλησιῶν	1	rc://*/tw/dict/bible/kt/church
9:1	buvm	keyterm	διακονίας	1	rc://*/tw/dict/bible/kt/minister
9:1	tf5g	keyterm	ἁγίους	1	rc://*/tw/dict/bible/kt/saint
9:2	mc8d		οἶδα	1	rc://*/tw/dict/bible/other/know
9:2	x2kb	keyterm	καυχῶμαι	1	rc://*/tw/dict/bible/kt/boast
9:2	zemz	name	Μακεδόσιν	1	rc://*/tw/dict/bible/names/macedonia
9:2	cgy3	keyterm	ζῆλος	1	rc://*/tw/dict/bible/kt/zealous
9:3	vxyw		ἔπεμψα	1	rc://*/tw/dict/bible/other/send
9:3	mdyv	keyterm	ἀδελφούς	1	rc://*/tw/dict/bible/kt/brother
9:3	myka	keyterm	καύχημα	1	rc://*/tw/dict/bible/kt/boast
9:3	esva		καθὼς	1	rc://*/tw/dict/bible/other/like
9:4	gnyw	name	Μακεδόνες	1	rc://*/tw/dict/bible/names/macedonia
9:4	uksy		καταισχυνθῶμεν	1	rc://*/tw/dict/bible/other/shame
9:4	zjwu		ὑποστάσει	1	rc://*/tw/dict/bible/other/confidence
9:5	jfj5	keyterm	παρακαλέσαι	1	rc://*/tw/dict/bible/kt/exhort
9:5	nsyr	keyterm	ἀδελφοὺς	1	rc://*/tw/dict/bible/kt/brother
9:5	mnqr	keyterm	εὐλογίαν	1	rc://*/tw/dict/bible/kt/bless
9:5	vphc		ὡς	1	rc://*/tw/dict/bible/other/like
9:5	m445	keyterm	εὐλογίαν	2	rc://*/tw/dict/bible/kt/bless
9:5	bder		ὡς	2	rc://*/tw/dict/bible/other/like
9:5	pybt		πλεονεξίαν	1	rc://*/tw/dict/bible/other/envy
9:6	gqzd		σπείρων	1	rc://*/tw/dict/bible/other/sow
9:6	ms5g		θερίσει	1	rc://*/tw/dict/bible/other/harvest
9:6	ybpg		σπείρων	2	rc://*/tw/dict/bible/other/sow
9:6	ryzq	keyterm	εὐλογίαις	1	rc://*/tw/dict/bible/kt/bless
9:6	gha8	keyterm	εὐλογίαις	2	rc://*/tw/dict/bible/kt/bless
9:6	e4f7		θερίσει	2	rc://*/tw/dict/bible/other/harvest
9:7	btnk		καθὼς	1	rc://*/tw/dict/bible/other/like
9:7	wywk	keyterm	καρδίᾳ	1	rc://*/tw/dict/bible/kt/heart
9:7	bf8u	keyterm	ἀγαπᾷ	1	rc://*/tw/dict/bible/kt/love
9:7	ctah	keyterm	Θεός	1	rc://*/tw/dict/bible/kt/god
9:8	nwp3	keyterm	Θεὸς	1	rc://*/tw/dict/bible/kt/god
9:8	kktk	keyterm	χάριν	1	rc://*/tw/dict/bible/kt/grace
9:8	y7sm		περισσεῦσαι	1	rc://*/tw/dict/bible/other/multiply
9:8	m46z		περισσεύητε	1	rc://*/tw/dict/bible/other/multiply
9:8	dev3	keyterm	ἔργον	1	rc://*/tw/dict/bible/kt/works
9:8	q7mv	keyterm	ἀγαθόν	1	rc://*/tw/dict/bible/kt/good
9:9	embf		καθὼς	1	rc://*/tw/dict/bible/other/like
9:9	cvq7		γέγραπται	1	rc://*/tw/dict/bible/other/written
9:9	yayr	keyterm	δικαιοσύνη	1	rc://*/tw/dict/bible/kt/righteous
9:9	kuu3		αἰῶνα	1	rc://*/tw/dict/bible/other/age
9:10	a5z6		σπόρον	1	rc://*/tw/dict/bible/other/seed
9:10	dydx		σπείροντι	1	rc://*/tw/dict/bible/other/sow
9:10	jpzu		ἄρτον	1	rc://*/tw/dict/bible/other/bread
9:10	xyg5		πληθυνεῖ	1	rc://*/tw/dict/bible/other/multiply
9:10	xngw		σπόρον	2	rc://*/tw/dict/bible/other/seed
9:10	mswh		γενήματα	1	rc://*/tw/dict/bible/other/fruit
9:10	gjyw	keyterm	δικαιοσύνης	1	rc://*/tw/dict/bible/kt/righteous
9:11	f45m	keyterm	Θεῷ	1	rc://*/tw/dict/bible/kt/god
9:12	vu3v	keyterm	διακονία	1	rc://*/tw/dict/bible/kt/minister
9:12	aa6u	keyterm	λειτουργίας	1	rc://*/tw/dict/bible/kt/minister
9:12	sju3	keyterm	ἁγίων	1	rc://*/tw/dict/bible/kt/saint
9:12	fmb5	keyterm	Θεῷ	1	rc://*/tw/dict/bible/kt/god
9:13	zxzs	keyterm	διακονίας	1	rc://*/tw/dict/bible/kt/minister
9:13	j64d	keyterm	δοξάζοντες	1	rc://*/tw/dict/bible/kt/glory
9:13	cd84	keyterm	Θεὸν	1	rc://*/tw/dict/bible/kt/god
9:13	x7gb		ὑποταγῇ	1	rc://*/tw/dict/bible/other/submit
9:13	jr44	keyterm	ὁμολογίας	1	rc://*/tw/dict/bible/kt/confess
9:13	uwqj	keyterm	εὐαγγέλιον	1	rc://*/tw/dict/bible/kt/goodnews
9:13	rv3c	keyterm	Χριστοῦ	1	rc://*/tw/dict/bible/kt/christ
9:13	eq6m	keyterm	κοινωνίας	1	rc://*/tw/dict/bible/kt/fellowship
9:14	rnz7	keyterm	δεήσει	1	rc://*/tw/dict/bible/kt/pray
9:14	tpaf	keyterm	χάριν	1	rc://*/tw/dict/bible/kt/grace
9:14	uzc6	keyterm	Θεοῦ	1	rc://*/tw/dict/bible/kt/god
9:15	ac3a	keyterm	Θεῷ	1	rc://*/tw/dict/bible/kt/god
9:15	mact	keyterm	δωρεᾷ	1	rc://*/tw/dict/bible/kt/gift
10:1	fbgq	name	Παῦλος	1	rc://*/tw/dict/bible/names/paul
10:1	eapt	keyterm	παρακαλῶ	1	rc://*/tw/dict/bible/kt/exhort
10:1	d8an		πραΰτητος	1	rc://*/tw/dict/bible/other/meek
10:1	rnse	keyterm	Χριστοῦ	1	rc://*/tw/dict/bible/kt/christ
10:1	asav	keyterm	ταπεινὸς	1	rc://*/tw/dict/bible/kt/humble
10:1	dhcz		θαρρῶ	1	rc://*/tw/dict/bible/other/bold
10:2	qqtu		θαρρῆσαι	1	rc://*/tw/dict/bible/other/bold
10:2	xgwp		πεποιθήσει	1	rc://*/tw/dict/bible/other/confidence
10:2	baj5		ὡς	1	rc://*/tw/dict/bible/other/like
10:2	ty4p	keyterm	σάρκα	1	rc://*/tw/dict/bible/kt/flesh
10:2	su6c		περιπατοῦντας	1	rc://*/tw/dict/bible/other/walk
10:3	jknk	keyterm	σαρκὶ	1	rc://*/tw/dict/bible/kt/flesh
10:3	s8ye		περιπατοῦντες	1	rc://*/tw/dict/bible/other/walk
10:3	k79k	keyterm	σάρκα	1	rc://*/tw/dict/bible/kt/flesh
10:4	thve		ὅπλα	1	rc://*/tw/dict/bible/other/armor
10:4	wg42	keyterm	σαρκικὰ	1	rc://*/tw/dict/bible/kt/flesh
10:4	ue3m	keyterm	δυνατὰ	1	rc://*/tw/dict/bible/kt/power
10:4	d2kz	keyterm	Θεῷ	1	rc://*/tw/dict/bible/kt/divine
10:4	qdzk		καθαιροῦντες	1	rc://*/tw/dict/bible/other/stronghold
10:5	jphk		γνώσεως	1	rc://*/tw/dict/bible/other/know
10:5	p5kt	keyterm	Θεοῦ	1	rc://*/tw/dict/bible/kt/god
10:5	qhhj		αἰχμαλωτίζοντες	1	rc://*/tw/dict/bible/other/captive
10:5	sm47		ὑπακοὴν	1	rc://*/tw/dict/bible/other/obey
10:5	sfm6	keyterm	Χριστοῦ	1	rc://*/tw/dict/bible/kt/christ
10:6	f9w6		ἐκδικῆσαι	1	rc://*/tw/dict/bible/other/avenge
10:6	j56x		παρακοήν	1	rc://*/tw/dict/bible/other/disobey
10:6	s777	keyterm	πληρωθῇ	1	rc://*/tw/dict/bible/kt/fulfill
10:6	eke4		ὑπακοή	1	rc://*/tw/dict/bible/other/obey
10:7	r5hf	keyterm	Χριστοῦ	1	rc://*/tw/dict/bible/kt/christ
10:7	uwnp		καθὼς	1	rc://*/tw/dict/bible/other/like
10:7	mf2u	keyterm	Χριστοῦ	2	rc://*/tw/dict/bible/kt/christ
10:8	jcgb	keyterm	καυχήσωμαι	1	rc://*/tw/dict/bible/kt/boast
10:8	hrgk	keyterm	ἐξουσίας	1	rc://*/tw/dict/bible/kt/authority
10:8	b2sb	keyterm	Κύριος	1	rc://*/tw/dict/bible/kt/lord
10:8	fzxc		αἰσχυνθήσομαι	1	rc://*/tw/dict/bible/other/shame
10:9	gtvj		ὡς	1	rc://*/tw/dict/bible/other/like
10:9	q8kw		ἐπιστολῶν	1	rc://*/tw/dict/bible/other/letter
10:10	e9xf		ἐπιστολαὶ	1	rc://*/tw/dict/bible/other/letter
10:10	r9r4		ἰσχυραί	1	rc://*/tw/dict/bible/other/strength
10:10	d2ms	keyterm	σώματος	1	rc://*/tw/dict/bible/kt/body
10:11	xq5a		ἐπιστολῶν	1	rc://*/tw/dict/bible/other/letter
10:11	yshs	keyterm	ἔργῳ	1	rc://*/tw/dict/bible/kt/works
10:12	knp5		συνιᾶσιν	1	rc://*/tw/dict/bible/other/understand
10:13	dnwx	keyterm	καυχησόμεθα	1	rc://*/tw/dict/bible/kt/boast
10:13	t65y		ἐμέρισεν	1	rc://*/tw/dict/bible/other/assign
10:13	tvw9	keyterm	Θεὸς	1	rc://*/tw/dict/bible/kt/god
10:14	mamc		ὡς	1	rc://*/tw/dict/bible/other/like
10:14	tz22	keyterm	εὐαγγελίῳ	1	rc://*/tw/dict/bible/kt/goodnews
10:14	frg7	keyterm	Χριστοῦ	1	rc://*/tw/dict/bible/kt/christ
10:15	xd3v	keyterm	καυχώμενοι	1	rc://*/tw/dict/bible/kt/boast
10:15	g26u		κόποις	1	rc://*/tw/dict/bible/other/labor
10:15	zbhq	keyterm	ἐλπίδα	1	rc://*/tw/dict/bible/kt/hope
10:15	pa7n	keyterm	πίστεως	1	rc://*/tw/dict/bible/kt/faith
10:16	aauj	keyterm	εὐαγγελίσασθαι	1	rc://*/tw/dict/bible/kt/goodnews
10:16	pfhu	keyterm	καυχήσασθαι	1	rc://*/tw/dict/bible/kt/boast
10:17	vdhb	keyterm	καυχώμενος	1	rc://*/tw/dict/bible/kt/boast
10:17	vhea	keyterm	Κυρίῳ	1	rc://*/tw/dict/bible/kt/lord
10:17	dbu4	keyterm	ἐν Κυρίῳ	1	rc://*/tw/dict/bible/kt/inchrist
10:17	g9fh	keyterm	καυχάσθω	1	rc://*/tw/dict/bible/kt/boast
10:18	hjqh	keyterm	Κύριος	1	rc://*/tw/dict/bible/kt/lord
11:1	bgdw		ἀνείχεσθέ	1	rc://*/tw/dict/bible/other/bear
11:1	nn6e	keyterm	ἀφροσύνης	1	rc://*/tw/dict/bible/kt/foolish
11:1	a5mf		ἀνέχεσθέ	1	rc://*/tw/dict/bible/other/bear
11:2	m59u	keyterm	ζηλῶ	1	rc://*/tw/dict/bible/kt/jealous
11:2	ngsc	keyterm	Θεοῦ	1	rc://*/tw/dict/bible/kt/godly
11:2	rwq5	keyterm	ζήλῳ	1	rc://*/tw/dict/bible/kt/jealous
11:2	me3f		παρθένον	1	rc://*/tw/dict/bible/other/virgin
11:2	jn2t	keyterm	ἁγνὴν	1	rc://*/tw/dict/bible/kt/purify
11:2	vhhr	keyterm	Χριστῷ	1	rc://*/tw/dict/bible/kt/christ
11:3	j3ks	keyterm	φοβοῦμαι	1	rc://*/tw/dict/bible/kt/fear
11:3	uwg2		ὡς	1	rc://*/tw/dict/bible/other/like
11:3	hu3x		ὄφις	1	rc://*/tw/dict/bible/other/serpent
11:3	qv2w		ἐξηπάτησεν	1	rc://*/tw/dict/bible/other/deceive
11:3	cay9	name	Εὕαν	1	rc://*/tw/dict/bible/names/eve
11:3	mrma		φθαρῇ	1	rc://*/tw/dict/bible/other/corrupt
11:3	ufuz		νοήματα	1	rc://*/tw/dict/bible/other/mind
11:3	bpnr	keyterm	Χριστόν	1	rc://*/tw/dict/bible/kt/christ
11:4	v5w4	keyterm; name	Ἰησοῦν	1	rc://*/tw/dict/bible/kt/jesus
11:4	hb8r		κηρύσσει	1	rc://*/tw/dict/bible/other/preach
11:4	rs96		ἐκηρύξαμεν	1	rc://*/tw/dict/bible/other/preach
11:4	r2ye	keyterm	πνεῦμα	1	rc://*/tw/dict/bible/kt/spirit
11:4	awrw		λαμβάνετε	1	rc://*/tw/dict/bible/other/receive
11:4	sfne		ἐλάβετε	1	rc://*/tw/dict/bible/other/receive
11:4	d2p7	keyterm	εὐαγγέλιον	1	rc://*/tw/dict/bible/kt/goodnews
11:4	kmee		ἐδέξασθε	1	rc://*/tw/dict/bible/other/receive
11:4	vmun		ἀνέχεσθε	1	rc://*/tw/dict/bible/other/bear
11:5	y7wy	keyterm	ἀποστόλων	1	rc://*/tw/dict/bible/kt/apostle
11:6	kqkj		γνώσει	1	rc://*/tw/dict/bible/other/know
11:6	bdjk	keyterm	φανερώσαντες	1	rc://*/tw/dict/bible/kt/reveal
11:7	jmy9	keyterm	ἁμαρτίαν	1	rc://*/tw/dict/bible/kt/sin
11:7	mpgw	keyterm	ταπεινῶν	1	rc://*/tw/dict/bible/kt/humble
11:7	vvde	keyterm	ὑψωθῆτε	1	rc://*/tw/dict/bible/kt/exalt
11:7	t79m		δωρεὰν	1	rc://*/tw/dict/bible/other/free
11:7	fabf	keyterm	Θεοῦ	1	rc://*/tw/dict/bible/kt/god
11:7	h36f	keyterm	εὐαγγέλιον	1	rc://*/tw/dict/bible/kt/goodnews
11:7	dxd2	keyterm	εὐηγγελισάμην	1	rc://*/tw/dict/bible/kt/goodnews
11:8	muta	keyterm	ἐκκλησίας	1	rc://*/tw/dict/bible/kt/church
11:8	q8zy		λαβὼν	1	rc://*/tw/dict/bible/other/receive
11:8	wws4	keyterm	διακονίαν	1	rc://*/tw/dict/bible/kt/minister
11:9	pkcw		κατενάρκησα	1	rc://*/tw/dict/bible/other/burden
11:9	w6pb	keyterm	ἀδελφοὶ	1	rc://*/tw/dict/bible/kt/brother
11:9	agy3	name	Μακεδονίας	1	rc://*/tw/dict/bible/names/macedonia
11:10	xymf	keyterm	ἀλήθεια	1	rc://*/tw/dict/bible/kt/true
11:10	srct	keyterm	Χριστοῦ	1	rc://*/tw/dict/bible/kt/christ
11:10	va5u	keyterm	καύχησις	1	rc://*/tw/dict/bible/kt/boast
11:11	xyha	keyterm	ἀγαπῶ	1	rc://*/tw/dict/bible/kt/love
11:11	qr4g	keyterm	Θεὸς	1	rc://*/tw/dict/bible/kt/god
11:11	gpfk		οἶδεν	1	rc://*/tw/dict/bible/other/know
11:12	tneh		ἐκκόψω	1	rc://*/tw/dict/bible/other/cutoff
11:12	r5ex	keyterm	καυχῶνται	1	rc://*/tw/dict/bible/kt/boast
11:12	ynhh		καθὼς	1	rc://*/tw/dict/bible/other/like
11:13	bu3d		ἐργάται	1	rc://*/tw/dict/bible/other/labor
11:13	bw7f	keyterm	ἀποστόλους	1	rc://*/tw/dict/bible/kt/apostle
11:13	htm3	keyterm	Χριστοῦ	1	rc://*/tw/dict/bible/kt/christ
11:14	traz	keyterm	Σατανᾶς	1	rc://*/tw/dict/bible/kt/satan
11:14	rqda	keyterm	ἄγγελον	1	rc://*/tw/dict/bible/kt/angel
11:14	euzj		φωτός	1	rc://*/tw/dict/bible/other/light
11:15	ugw7	keyterm	διάκονοι	1	rc://*/tw/dict/bible/kt/minister
11:15	bftp		ὡς	1	rc://*/tw/dict/bible/other/like
11:15	rrrh	keyterm	διάκονοι	2	rc://*/tw/dict/bible/kt/minister
11:15	xcs6	keyterm	δικαιοσύνης	1	rc://*/tw/dict/bible/kt/righteous
11:15	ruvh	keyterm	ἔργα	1	rc://*/tw/dict/bible/kt/works
11:16	t6yh	keyterm	ἄφρονα	1	rc://*/tw/dict/bible/kt/foolish
11:16	htm4		ὡς	1	rc://*/tw/dict/bible/other/like
11:16	gxtx	keyterm	ἄφρονα	2	rc://*/tw/dict/bible/kt/foolish
11:16	st94		δέξασθέ	1	rc://*/tw/dict/bible/other/receive
11:16	sexe	keyterm	καυχήσωμαι	1	rc://*/tw/dict/bible/kt/boast
11:17	gttx	keyterm	Κύριον	1	rc://*/tw/dict/bible/kt/lord
11:17	gu7e		ὡς	1	rc://*/tw/dict/bible/other/like
11:17	ppc6	keyterm	ἀφροσύνῃ	1	rc://*/tw/dict/bible/kt/foolish
11:17	a9nb		ὑποστάσει	1	rc://*/tw/dict/bible/other/confidence
11:17	q8x4	keyterm	καυχήσεως	1	rc://*/tw/dict/bible/kt/boast
11:18	r3vv	keyterm	καυχῶνται	1	rc://*/tw/dict/bible/kt/boast
11:18	ackp	keyterm	σάρκα	1	rc://*/tw/dict/bible/kt/flesh
11:18	ffbd	keyterm	καυχήσομαι	1	rc://*/tw/dict/bible/kt/boast
11:19	krgd		ἀνέχεσθε	1	rc://*/tw/dict/bible/other/bear
11:19	a9em	keyterm	ἀφρόνων	1	rc://*/tw/dict/bible/kt/foolish
11:19	zgjp	keyterm	φρόνιμοι	1	rc://*/tw/dict/bible/kt/wise
11:20	scdg		ἀνέχεσθε	1	rc://*/tw/dict/bible/other/bear
11:20	fqtp		καταδουλοῖ	1	rc://*/tw/dict/bible/other/enslave
11:20	rjvu		κατεσθίει	1	rc://*/tw/dict/bible/other/devour
11:20	wntz	keyterm	ἐπαίρεται	1	rc://*/tw/dict/bible/kt/exalt
11:20	pk2h		πρόσωπον	1	rc://*/tw/dict/bible/other/face
11:21	qgzx		ἀτιμίαν	1	rc://*/tw/dict/bible/other/dishonor
11:21	bfa8		ὡς	1	rc://*/tw/dict/bible/other/like
11:21	t93v	keyterm	ἀφροσύνῃ	1	rc://*/tw/dict/bible/kt/foolish
11:22	r8j2	keyterm	Ἑβραῖοί	1	rc://*/tw/dict/bible/kt/hebrew
11:22	rh8f	keyterm	Ἰσραηλεῖταί	1	rc://*/tw/dict/bible/kt/israel
11:22	mdey		σπέρμα	1	rc://*/tw/dict/bible/other/descendant
11:22	cmhe	name	Ἀβραάμ	1	rc://*/tw/dict/bible/names/abraham
11:23	sfrm	keyterm	διάκονοι	1	rc://*/tw/dict/bible/kt/minister
11:23	tpwg	keyterm	Χριστοῦ	1	rc://*/tw/dict/bible/kt/christ
11:23	csfk		κόποις	1	rc://*/tw/dict/bible/other/labor
11:23	c4hr		φυλακαῖς	1	rc://*/tw/dict/bible/other/prison
11:23	y5mb		θανάτοις	1	rc://*/tw/dict/bible/other/death
11:24	cek3	keyterm	Ἰουδαίων	1	rc://*/tw/dict/bible/kt/jew
11:24	urn2		ἔλαβον	1	rc://*/tw/dict/bible/other/receive
11:25	xf9w	keyterm	ἐλιθάσθην	1	rc://*/tw/dict/bible/kt/stone
11:26	pv4e		λῃστῶν	1	rc://*/tw/dict/bible/other/thief
11:26	h93s	keyterm	ἐθνῶν	1	rc://*/tw/dict/bible/kt/gentile
11:26	e77u		ἐρημίᾳ	1	rc://*/tw/dict/bible/other/desert
11:27	fv6m		κόπῳ	1	rc://*/tw/dict/bible/other/labor
11:27	k6ph		λιμῷ	1	rc://*/tw/dict/bible/other/famine
11:27	uaxd		νηστείαις	1	rc://*/tw/dict/bible/other/fast
11:28	nndh		ἡμέραν	1	rc://*/tw/dict/bible/other/biblicaltimeday
11:28	j52k	keyterm	ἐκκλησιῶν	1	rc://*/tw/dict/bible/kt/church
11:30	petd	keyterm	καυχᾶσθαι	1	rc://*/tw/dict/bible/kt/boast
11:30	xe87	keyterm	καυχήσομαι	1	rc://*/tw/dict/bible/kt/boast
11:31	f2rb	keyterm	Θεὸς καὶ Πατὴρ	1	rc://*/tw/dict/bible/kt/godthefather
11:31	btvs	keyterm	Κυρίου	1	rc://*/tw/dict/bible/kt/lord
11:31	kdr6	keyterm; name	Ἰησοῦ	1	rc://*/tw/dict/bible/kt/jesus
11:31	s7kc		οἶδεν	1	rc://*/tw/dict/bible/other/know
11:31	nzup	keyterm	εὐλογητὸς	1	rc://*/tw/dict/bible/kt/bless
11:31	c8ba		αἰῶνας	1	rc://*/tw/dict/bible/other/age
11:32	xt4w	name	Δαμασκῷ	1	rc://*/tw/dict/bible/names/damascus
11:32	xd4w		ἐθνάρχης	1	rc://*/tw/dict/bible/other/governor
11:32	t5mf		βασιλέως	1	rc://*/tw/dict/bible/other/king
11:32	fw7g		πιάσαι	1	rc://*/tw/dict/bible/other/seize
11:33	fe59		σαργάνῃ	1	rc://*/tw/dict/bible/other/basket
11:33	cdtb		χεῖρας	1	rc://*/tw/dict/bible/other/hand
12:1	xk42	keyterm	καυχᾶσθαι	1	rc://*/tw/dict/bible/kt/boast
12:1	dq5s		συμφέρον	1	rc://*/tw/dict/bible/other/profit
12:1	erxh		ὀπτασίας	1	rc://*/tw/dict/bible/other/vision
12:1	p8q9	keyterm	ἀποκαλύψεις	1	rc://*/tw/dict/bible/kt/reveal
12:1	fq44	keyterm	Κυρίου	1	rc://*/tw/dict/bible/kt/lord
12:2	ma9q		οἶδα	1	rc://*/tw/dict/bible/other/know
12:2	bezf	keyterm	Χριστῷ	1	rc://*/tw/dict/bible/kt/christ
12:2	y92a	keyterm	ἐν Χριστῷ	1	rc://*/tw/dict/bible/kt/inchrist
12:2	uyb5		ἐτῶν	1	rc://*/tw/dict/bible/other/biblicaltimeyear
12:2	vg9s	keyterm	σώματι	1	rc://*/tw/dict/bible/kt/body
12:2	xhqv		οἶδα	2	rc://*/tw/dict/bible/other/know
12:2	vxe6	keyterm	σώματος	1	rc://*/tw/dict/bible/kt/body
12:2	jzvw		οἶδα	3	rc://*/tw/dict/bible/other/know
12:2	xjnn	keyterm	Θεὸς	1	rc://*/tw/dict/bible/kt/god
12:2	vkkt		οἶδεν	1	rc://*/tw/dict/bible/other/know
12:2	tsyh		ἁρπαγέντα	1	rc://*/tw/dict/bible/other/caughtup
12:2	kama	keyterm	οὐρανοῦ	1	rc://*/tw/dict/bible/kt/heaven
12:3	t4cs		οἶδα	1	rc://*/tw/dict/bible/other/know
12:3	a2rh	keyterm	σώματι	1	rc://*/tw/dict/bible/kt/body
12:3	v5wj	keyterm	σώματος	1	rc://*/tw/dict/bible/kt/body
12:3	wmq6		οἶδα	2	rc://*/tw/dict/bible/other/know
12:3	g9gx	keyterm	Θεὸς	1	rc://*/tw/dict/bible/kt/god
12:3	vp7g		οἶδεν	1	rc://*/tw/dict/bible/other/know
12:4	d5wf		ἡρπάγη	1	rc://*/tw/dict/bible/other/caughtup
12:4	htxd		ἐξὸν	1	rc://*/tw/dict/bible/other/lawful
12:5	r9t5	keyterm	καυχήσομαι	1	rc://*/tw/dict/bible/kt/boast
12:5	tnde	keyterm	καυχήσομαι	2	rc://*/tw/dict/bible/kt/boast
12:6	zvv2	keyterm	καυχήσασθαι	1	rc://*/tw/dict/bible/kt/boast
12:6	ndmk	keyterm	ἄφρων	1	rc://*/tw/dict/bible/kt/foolish
12:6	btng	keyterm	ἀλήθειαν	1	rc://*/tw/dict/bible/kt/true
12:7	ksk8	keyterm	ἀποκαλύψεων	1	rc://*/tw/dict/bible/kt/reveal
12:7	kgu2		ὑπεραίρωμαι	1	rc://*/tw/dict/bible/other/puffed-up
12:7	crgd		σκόλοψ	1	rc://*/tw/dict/bible/other/thorn
12:7	pdkj	keyterm	σαρκί	1	rc://*/tw/dict/bible/kt/flesh
12:7	uh4v		ἄγγελος	1	rc://*/tw/dict/bible/other/messenger
12:7	kxw8	keyterm	Σατανᾶ	1	rc://*/tw/dict/bible/kt/satan
12:7	b8mr		κολαφίζῃ	1	rc://*/tw/dict/bible/other/torment
12:7	m7xj		ὑπεραίρωμαι	2	rc://*/tw/dict/bible/other/puffed-up
12:8	ukx9	keyterm	Κύριον	1	rc://*/tw/dict/bible/kt/lord
12:8	cc2v	keyterm	παρεκάλεσα	1	rc://*/tw/dict/bible/kt/exhort
12:9	eq68	keyterm	χάρις	1	rc://*/tw/dict/bible/kt/grace
12:9	txhz	keyterm	δύναμις	1	rc://*/tw/dict/bible/kt/power
12:9	t6j9	keyterm	καυχήσομαι	1	rc://*/tw/dict/bible/kt/boast
12:9	ndmv	keyterm	δύναμις	2	rc://*/tw/dict/bible/kt/power
12:9	vkya	keyterm	Χριστοῦ	1	rc://*/tw/dict/bible/kt/christ
12:10	ex8c		εὐδοκῶ	1	rc://*/tw/dict/bible/other/delight
12:10	d8ga		διωγμοῖς	1	rc://*/tw/dict/bible/other/persecute
12:10	swfy	keyterm	Χριστοῦ	1	rc://*/tw/dict/bible/kt/christ
12:10	twhm	keyterm	δυνατός	1	rc://*/tw/dict/bible/kt/power
12:11	ydvr	keyterm	ἄφρων	1	rc://*/tw/dict/bible/kt/foolish
12:11	h3t2	keyterm	ἀποστόλων	1	rc://*/tw/dict/bible/kt/apostle
12:12	q9ft	keyterm	σημεῖα	1	rc://*/tw/dict/bible/kt/sign
12:12	yqr6	keyterm	ἀποστόλου	1	rc://*/tw/dict/bible/kt/apostle
12:12	k9xu		ὑπομονῇ	1	rc://*/tw/dict/bible/other/endure
12:12	dppr	keyterm	σημείοις	1	rc://*/tw/dict/bible/kt/sign
12:12	dqde		τέρασιν	1	rc://*/tw/dict/bible/other/amazed
12:12	y7fz	keyterm	δυνάμεσιν	1	rc://*/tw/dict/bible/kt/miracle
12:13	rdqt	keyterm	ἐκκλησίας	1	rc://*/tw/dict/bible/kt/church
12:13	y3xw		κατενάρκησα	1	rc://*/tw/dict/bible/other/burden
12:13	qpbt	keyterm	χαρίσασθέ	1	rc://*/tw/dict/bible/kt/forgive
12:13	qypv		ἀδικίαν	1	rc://*/tw/dict/bible/other/wrong
12:14	xmyz		καταναρκήσω	1	rc://*/tw/dict/bible/other/burden
12:14	avgp		ζητῶ	1	rc://*/tw/dict/bible/other/seek
12:14	yhp6	keyterm	τέκνα	1	rc://*/tw/dict/bible/kt/children
12:14	trk7	keyterm	τέκνοις	1	rc://*/tw/dict/bible/kt/children
12:15	bmdm	keyterm	ψυχῶν	1	rc://*/tw/dict/bible/kt/soul
12:15	j73f	keyterm	ἀγαπῶν	1	rc://*/tw/dict/bible/kt/love
12:15	sxah	keyterm	ἀγαπῶμαι	1	rc://*/tw/dict/bible/kt/love
12:16	gdh2		κατεβάρησα	1	rc://*/tw/dict/bible/other/burden
12:16	gajv		δόλῳ	1	rc://*/tw/dict/bible/other/deceive
12:17	smav		ἀπέσταλκα	1	rc://*/tw/dict/bible/other/send
12:18	tthn	keyterm	παρεκάλεσα	1	rc://*/tw/dict/bible/kt/exhort
12:18	ub3t	name	Τίτον	1	rc://*/tw/dict/bible/names/titus
12:18	ymer		συναπέστειλα	1	rc://*/tw/dict/bible/other/send
12:18	pwfg	keyterm	ἀδελφόν	1	rc://*/tw/dict/bible/kt/brother
12:18	zdue	name	Τίτος	1	rc://*/tw/dict/bible/names/titus
12:18	wnwa	keyterm	πνεύματι	1	rc://*/tw/dict/bible/kt/spirit
12:18	xbn8		περιεπατήσαμεν	1	rc://*/tw/dict/bible/other/walk
12:19	qz7m	keyterm	Θεοῦ	1	rc://*/tw/dict/bible/kt/god
12:19	mutq	keyterm	Χριστῷ	1	rc://*/tw/dict/bible/kt/christ
12:19	sjjb	keyterm	ἐν Χριστῷ	1	rc://*/tw/dict/bible/kt/inchrist
12:19	phmu	keyterm	ἀγαπητοί	1	rc://*/tw/dict/bible/kt/beloved
12:20	eby4	keyterm	φοβοῦμαι	1	rc://*/tw/dict/bible/kt/fear
12:20	cbzg	keyterm	ζῆλος	1	rc://*/tw/dict/bible/kt/jealous
12:20	cjfd		ἐριθεῖαι	1	rc://*/tw/dict/bible/other/slander
12:20	pz2b		καταλαλιαί	1	rc://*/tw/dict/bible/other/gossip
12:20	edu5		φυσιώσεις	1	rc://*/tw/dict/bible/other/proud
12:21	bw3j	keyterm	ταπεινώσῃ	1	rc://*/tw/dict/bible/kt/humble
12:21	h6gh	keyterm	Θεός	1	rc://*/tw/dict/bible/kt/god
12:21	xwgt		πενθήσω	1	rc://*/tw/dict/bible/other/mourn
12:21	yw3y	keyterm	προημαρτηκότων	1	rc://*/tw/dict/bible/kt/sin
12:21	p4s5	keyterm	μετανοησάντων	1	rc://*/tw/dict/bible/kt/repent
12:21	c87b		πορνείᾳ	1	rc://*/tw/dict/bible/other/fornication
13:1	xbr5	keyterm	μαρτύρων	1	rc://*/tw/dict/bible/kt/testimony
13:2	wgfp		ὡς	1	rc://*/tw/dict/bible/other/like
13:2	yfm5	keyterm	προημαρτηκόσιν	1	rc://*/tw/dict/bible/kt/sin
13:3	zzq4		ζητεῖτε	1	rc://*/tw/dict/bible/other/seek
13:3	k7cw	keyterm	Χριστοῦ	1	rc://*/tw/dict/bible/kt/christ
13:3	x8a8	keyterm	δυνατεῖ	1	rc://*/tw/dict/bible/kt/power
13:4	gjyh	keyterm	ἐσταυρώθη	1	rc://*/tw/dict/bible/kt/crucify
13:4	d54u	keyterm	ζῇ	1	rc://*/tw/dict/bible/kt/life
13:4	t4nq	keyterm	δυνάμεως	1	rc://*/tw/dict/bible/kt/power
13:4	waub	keyterm	Θεοῦ	1	rc://*/tw/dict/bible/kt/god
13:4	gsc3	keyterm	ζήσομεν	1	rc://*/tw/dict/bible/kt/life
13:4	vj53	keyterm	δυνάμεως	2	rc://*/tw/dict/bible/kt/power
13:4	kfa9	keyterm	Θεοῦ	2	rc://*/tw/dict/bible/kt/god
13:5	gkgf	keyterm	πίστει	1	rc://*/tw/dict/bible/kt/faith
13:5	xb28	keyterm	δοκιμάζετε	1	rc://*/tw/dict/bible/kt/test
13:5	bwbr		ἐπιγινώσκετε	1	rc://*/tw/dict/bible/other/know
13:5	xuf7	keyterm; name	Ἰησοῦς	1	rc://*/tw/dict/bible/kt/jesus
13:5	bwf8	keyterm	Χριστὸς	1	rc://*/tw/dict/bible/kt/christ
13:6	axpj	keyterm	ἐλπίζω	1	rc://*/tw/dict/bible/kt/hope
13:6	m52j		γνώσεσθε	1	rc://*/tw/dict/bible/other/know
13:7	qcbu	keyterm	εὐχόμεθα	1	rc://*/tw/dict/bible/kt/pray
13:7	wzc7	keyterm	Θεὸν	1	rc://*/tw/dict/bible/kt/god
13:7	wk9y		κακὸν	1	rc://*/tw/dict/bible/other/wrong
13:7	ghh5	keyterm	καλὸν	1	rc://*/tw/dict/bible/kt/good
13:7	z29d		ὡς	1	rc://*/tw/dict/bible/other/like
13:8	vd2e	keyterm	ἀληθείας	1	rc://*/tw/dict/bible/kt/true
13:8	dba9	keyterm	ἀληθείας	2	rc://*/tw/dict/bible/kt/true
13:9	grvw		χαίρομεν	1	rc://*/tw/dict/bible/other/joy
13:9	gff5	keyterm	δυνατοὶ	1	rc://*/tw/dict/bible/kt/power
13:9	vmqa	keyterm	εὐχόμεθα	1	rc://*/tw/dict/bible/kt/pray
13:10	zqnb	keyterm	ἐξουσίαν	1	rc://*/tw/dict/bible/kt/authority
13:10	un6z	keyterm	Κύριος	1	rc://*/tw/dict/bible/kt/lord
13:11	nfjb	keyterm	ἀδελφοί	1	rc://*/tw/dict/bible/kt/brother
13:11	dpe3		χαίρετε	1	rc://*/tw/dict/bible/other/joy
13:11	w3e6		παρακαλεῖσθε	1	rc://*/tw/dict/bible/other/comfort
13:11	vuys		φρονεῖτε	1	rc://*/tw/dict/bible/other/mind
13:11	j2sm		εἰρηνεύετε	1	rc://*/tw/dict/bible/other/peace
13:11	j445	keyterm	Θεὸς	1	rc://*/tw/dict/bible/kt/god
13:11	sjqk	keyterm	ἀγάπης	1	rc://*/tw/dict/bible/kt/love
13:11	hwy6		εἰρήνης	1	rc://*/tw/dict/bible/other/peace
13:12	gqpz	keyterm	ἁγίῳ	1	rc://*/tw/dict/bible/kt/holy
13:12	sgw9		φιλήματι	1	rc://*/tw/dict/bible/other/kiss
13:12	wxxz	keyterm	ἅγιοι	1	rc://*/tw/dict/bible/kt/saint
13:13	kfkh	keyterm	χάρις	1	rc://*/tw/dict/bible/kt/grace
13:13	kdg9	keyterm	Κυρίου	1	rc://*/tw/dict/bible/kt/lord
13:13	q5n4	keyterm	Χριστοῦ	1	rc://*/tw/dict/bible/kt/christ
13:13	ys7n	keyterm; name	Κυρίου Ἰησοῦ Χριστοῦ	1	rc://*/tw/dict/bible/kt/jesus
13:13	chus	keyterm	ἀγάπη	1	rc://*/tw/dict/bible/kt/love
13:13	a3mj	keyterm	Θεοῦ	1	rc://*/tw/dict/bible/kt/god
13:13	e7tq	keyterm	κοινωνία	1	rc://*/tw/dict/bible/kt/fellowship
13:13	t778	keyterm	Ἁγίου Πνεύματος	1	rc://*/tw/dict/bible/kt/holyspirit
